aircraft,family,flight,origin,depInt,altDepInt,destination,arrInt,altArrInt,previous,tt,altFlight,altAirc,newFlight,cancelFlight
TranspCom#4,TranspCom,7407/01/06,ORY,20,20,CDG,50,50,0,10,0,0,0,0
TranspCom#4,TranspCom,407/01/06,CDG,60,60,ORY,90,90,0,10,0,0,0,0
TranspCom#4,TranspCom,7807/01/06,ORY,100,100,CDG,130,130,0,10,0,0,0,0
TranspCom#4,TranspCom,807/01/06,CDG,140,140,ORY,170,170,0,10,0,0,0,0
TranspCom#4,TranspCom,8207/01/06,ORY,180,180,CDG,210,210,0,10,0,0,0,0
TranspCom#4,TranspCom,1207/01/06,CDG,220,220,ORY,250,250,0,10,0,0,0,0
TranspCom#4,TranspCom,8607/01/06,ORY,260,260,CDG,290,290,0,10,0,0,0,0
TranspCom#4,TranspCom,1607/01/06,CDG,300,300,ORY,330,330,0,10,0,0,0,0
TranspCom#4,TranspCom,9007/01/06,ORY,340,340,CDG,370,370,0,10,0,0,0,0
TranspCom#4,TranspCom,2007/01/06,CDG,380,380,ORY,410,410,0,10,0,0,0,0
TranspCom#4,TranspCom,9407/01/06,ORY,420,420,CDG,450,450,0,10,0,0,0,0
TranspCom#4,TranspCom,2407/01/06,CDG,460,460,ORY,490,490,0,10,0,0,0,0
TranspCom#4,TranspCom,9807/01/06,ORY,500,500,CDG,530,530,0,10,0,0,0,0
TranspCom#4,TranspCom,2807/01/06,CDG,540,540,ORY,570,570,0,10,0,0,0,0
TranspCom#4,TranspCom,10207/01/06,ORY,580,580,CDG,610,610,0,10,0,0,0,0
TranspCom#4,TranspCom,3207/01/06,CDG,620,620,ORY,650,650,0,10,0,0,0,0
TranspCom#4,TranspCom,10607/01/06,ORY,660,660,CDG,690,690,0,10,0,0,0,0
TranspCom#4,TranspCom,3607/01/06,CDG,700,700,ORY,730,730,0,10,0,0,0,0
TranspCom#4,TranspCom,11007/01/06,ORY,740,740,CDG,770,770,0,10,0,0,0,0
TranspCom#4,TranspCom,4007/01/06,CDG,780,780,ORY,810,810,0,10,0,0,0,0
TranspCom#4,TranspCom,11407/01/06,ORY,820,820,CDG,850,850,0,10,0,0,0,0
TranspCom#4,TranspCom,4407/01/06,CDG,860,860,ORY,890,890,0,10,0,0,0,0
TranspCom#4,TranspCom,11807/01/06,ORY,900,900,CDG,930,930,0,10,0,0,0,0
TranspCom#4,TranspCom,4807/01/06,CDG,940,940,ORY,970,970,0,10,0,0,0,0
TranspCom#4,TranspCom,12207/01/06,ORY,980,980,CDG,1010,1010,0,10,0,0,0,0
TranspCom#4,TranspCom,5207/01/06,CDG,1020,1020,ORY,1050,1050,0,10,0,0,0,0
TranspCom#4,TranspCom,12607/01/06,ORY,1060,1060,CDG,1090,1090,0,10,0,0,0,0
TranspCom#4,TranspCom,5607/01/06,CDG,1100,1100,ORY,1130,1130,0,10,0,0,0,0
TranspCom#4,TranspCom,13007/01/06,ORY,1140,1140,CDG,1170,1170,0,10,0,0,0,0
TranspCom#4,TranspCom,6007/01/06,CDG,1180,1180,ORY,1210,1210,0,10,0,0,0,0
TranspCom#4,TranspCom,13407/01/06,ORY,1220,1220,CDG,1250,1250,0,10,0,0,0,0
TranspCom#4,TranspCom,6407/01/06,CDG,1260,1260,ORY,1290,1290,0,10,0,0,0,0
TranspCom#4,TranspCom,13807/01/06,ORY,1300,1300,CDG,1330,1330,0,10,0,0,0,0
TranspCom#4,TranspCom,6807/01/06,CDG,1340,1340,ORY,1370,1370,0,10,0,0,0,0
TranspCom#4,TranspCom,14207/01/06,ORY,1380,1380,CDG,1410,1410,0,10,0,0,0,0
TranspCom#4,TranspCom,7207/01/06,CDG,1420,1420,ORY,1450,1450,0,10,0,0,0,0
TranspCom#4,TranspCom,7408/01/06,ORY,1460,1460,CDG,1490,1490,0,10,0,0,0,0
TranspCom#4,TranspCom,408/01/06,CDG,1500,1500,ORY,1530,1530,0,10,0,0,0,0
TranspCom#4,TranspCom,7808/01/06,ORY,1540,1540,CDG,1570,1570,0,10,0,0,0,0
TranspCom#4,TranspCom,808/01/06,CDG,1580,1580,ORY,1610,1610,0,10,0,0,0,0
TranspCom#4,TranspCom,8208/01/06,ORY,1620,1620,CDG,1650,1650,0,10,0,0,0,0
TranspCom#4,TranspCom,1208/01/06,CDG,1660,1660,ORY,1690,1690,0,10,0,0,0,0
TranspCom#4,TranspCom,8608/01/06,ORY,1700,1700,CDG,1730,1730,0,10,0,0,0,0
TranspCom#4,TranspCom,1608/01/06,CDG,1740,1740,ORY,1770,1770,0,10,0,0,0,0
TranspCom#4,TranspCom,9008/01/06,ORY,1780,1780,CDG,1810,1810,0,10,0,0,0,0
TranspCom#4,TranspCom,2008/01/06,CDG,1820,1820,ORY,1850,1850,0,10,0,0,0,0
TranspCom#4,TranspCom,9408/01/06,ORY,1860,1860,CDG,1890,1890,0,10,0,0,0,0
TranspCom#4,TranspCom,2408/01/06,CDG,1900,1900,ORY,1930,1930,0,10,0,0,0,0
TranspCom#4,TranspCom,9808/01/06,ORY,1940,1940,CDG,1970,1970,0,10,0,0,0,0
TranspCom#4,TranspCom,2808/01/06,CDG,1980,1980,ORY,2010,2010,0,10,0,0,0,0
TranspCom#4,TranspCom,10208/01/06,ORY,2020,2020,CDG,2050,2050,0,10,0,0,0,0
TranspCom#4,TranspCom,3208/01/06,CDG,2060,2060,ORY,2090,2090,0,10,0,0,0,0
TranspCom#4,TranspCom,10608/01/06,ORY,2100,2100,CDG,2130,2130,0,10,0,0,0,0
TranspCom#4,TranspCom,3608/01/06,CDG,2140,2140,ORY,2170,2170,0,10,0,0,0,0
TranspCom#4,TranspCom,11008/01/06,ORY,2180,2180,CDG,2210,2210,0,10,0,0,0,0
TranspCom#4,TranspCom,4008/01/06,CDG,2220,2220,ORY,2250,2250,0,10,0,0,0,0
TranspCom#4,TranspCom,11408/01/06,ORY,2260,2260,CDG,2290,2290,0,10,0,0,0,0
TranspCom#4,TranspCom,4408/01/06,CDG,2300,2300,ORY,2330,2330,0,10,0,0,0,0
TranspCom#4,TranspCom,11808/01/06,ORY,2340,2340,CDG,2370,2370,0,10,0,0,0,0
TranspCom#4,TranspCom,4808/01/06,CDG,2380,2380,ORY,2410,2410,0,10,0,0,0,0
TranspCom#4,TranspCom,12208/01/06,ORY,2420,2420,CDG,2450,2450,0,10,0,0,0,0
TranspCom#4,TranspCom,5208/01/06,CDG,2460,2460,ORY,2490,2490,0,10,0,0,0,0
TranspCom#4,TranspCom,12608/01/06,ORY,2500,2500,CDG,2530,2530,0,10,0,0,0,0
TranspCom#4,TranspCom,5608/01/06,CDG,2540,2540,ORY,2570,2570,0,10,0,0,0,0
TranspCom#4,TranspCom,13008/01/06,ORY,2580,2580,CDG,2610,2610,0,10,0,0,0,0
TranspCom#4,TranspCom,6008/01/06,CDG,2620,2620,ORY,2650,2650,0,10,0,0,0,0
TranspCom#4,TranspCom,13408/01/06,ORY,2660,2660,CDG,2690,2690,0,10,0,0,0,0
TranspCom#4,TranspCom,6408/01/06,CDG,2700,2700,ORY,2730,2730,0,10,0,0,0,0
TranspCom#4,TranspCom,13808/01/06,ORY,2740,2740,CDG,2770,2770,0,10,0,0,0,0
TranspCom#4,TranspCom,6808/01/06,CDG,2780,2780,ORY,2810,2810,0,10,0,0,0,0
TranspCom#4,TranspCom,14208/01/06,ORY,2820,2820,CDG,2850,2850,0,10,0,0,0,0
TranspCom#4,TranspCom,7208/01/06,CDG,2860,2860,ORY,2890,2890,0,10,0,0,0,0
TranspCom#3,TranspCom,7307/01/06,ORY,0,0,CDG,30,30,0,10,0,0,0,0
TranspCom#3,TranspCom,307/01/06,CDG,40,40,ORY,70,70,0,10,0,0,0,0
TranspCom#3,TranspCom,7707/01/06,ORY,80,80,CDG,110,110,0,10,0,0,0,0
TranspCom#3,TranspCom,707/01/06,CDG,120,120,ORY,150,150,0,10,0,0,0,0
TranspCom#3,TranspCom,8107/01/06,ORY,160,160,CDG,190,190,0,10,0,0,0,0
TranspCom#3,TranspCom,1107/01/06,CDG,200,200,ORY,230,230,0,10,0,0,0,0
TranspCom#3,TranspCom,8507/01/06,ORY,240,240,CDG,270,270,0,10,0,0,0,0
TranspCom#3,TranspCom,1507/01/06,CDG,280,280,ORY,310,310,0,10,0,0,0,0
TranspCom#3,TranspCom,8907/01/06,ORY,320,320,CDG,350,350,0,10,0,0,0,0
TranspCom#3,TranspCom,1907/01/06,CDG,360,360,ORY,390,390,0,10,0,0,0,0
TranspCom#3,TranspCom,9307/01/06,ORY,400,400,CDG,430,430,0,10,0,0,0,0
TranspCom#3,TranspCom,2307/01/06,CDG,440,440,ORY,470,470,0,10,0,0,0,0
TranspCom#3,TranspCom,9707/01/06,ORY,480,480,CDG,510,510,0,10,0,0,0,0
TranspCom#3,TranspCom,2707/01/06,CDG,520,520,ORY,550,550,0,10,0,0,0,0
TranspCom#3,TranspCom,10107/01/06,ORY,560,560,CDG,590,590,0,10,0,0,0,0
TranspCom#3,TranspCom,3107/01/06,CDG,600,600,ORY,630,630,0,10,0,0,0,0
TranspCom#3,TranspCom,10507/01/06,ORY,640,640,CDG,670,670,0,10,0,0,0,0
TranspCom#3,TranspCom,3507/01/06,CDG,680,680,ORY,710,710,0,10,0,0,0,0
TranspCom#3,TranspCom,10907/01/06,ORY,720,720,CDG,750,750,0,10,0,0,0,0
TranspCom#3,TranspCom,3907/01/06,CDG,760,760,ORY,790,790,0,10,0,0,0,0
TranspCom#3,TranspCom,11307/01/06,ORY,800,800,CDG,830,830,0,10,0,0,0,0
TranspCom#3,TranspCom,4307/01/06,CDG,840,840,ORY,870,870,0,10,0,0,0,0
TranspCom#3,TranspCom,11707/01/06,ORY,880,880,CDG,910,910,0,10,0,0,0,0
TranspCom#3,TranspCom,4707/01/06,CDG,920,920,ORY,950,950,0,10,0,0,0,0
TranspCom#3,TranspCom,12107/01/06,ORY,960,960,CDG,990,990,0,10,0,0,0,0
TranspCom#3,TranspCom,5107/01/06,CDG,1000,1000,ORY,1030,1030,0,10,0,0,0,0
TranspCom#3,TranspCom,12507/01/06,ORY,1040,1040,CDG,1070,1070,0,10,0,0,0,0
TranspCom#3,TranspCom,5507/01/06,CDG,1080,1080,ORY,1110,1110,0,10,0,0,0,0
TranspCom#3,TranspCom,12907/01/06,ORY,1120,1120,CDG,1150,1150,0,10,0,0,0,0
TranspCom#3,TranspCom,5907/01/06,CDG,1160,1160,ORY,1190,1190,0,10,0,0,0,0
TranspCom#3,TranspCom,13307/01/06,ORY,1200,1200,CDG,1230,1230,0,10,0,0,0,0
TranspCom#3,TranspCom,6307/01/06,CDG,1240,1240,ORY,1270,1270,0,10,0,0,0,0
TranspCom#3,TranspCom,13707/01/06,ORY,1280,1280,CDG,1310,1310,0,10,0,0,0,0
TranspCom#3,TranspCom,6707/01/06,CDG,1320,1320,ORY,1350,1350,0,10,0,0,0,0
TranspCom#3,TranspCom,14107/01/06,ORY,1360,1360,CDG,1390,1390,0,10,0,0,0,0
TranspCom#3,TranspCom,7107/01/06,CDG,1400,1400,ORY,1430,1430,0,10,0,0,0,0
TranspCom#3,TranspCom,7308/01/06,ORY,1440,1440,CDG,1470,1470,0,10,0,0,0,0
TranspCom#3,TranspCom,308/01/06,CDG,1480,1480,ORY,1510,1510,0,10,0,0,0,0
TranspCom#3,TranspCom,7708/01/06,ORY,1520,1520,CDG,1550,1550,0,10,0,0,0,0
TranspCom#3,TranspCom,708/01/06,CDG,1560,1560,ORY,1590,1590,0,10,0,0,0,0
TranspCom#3,TranspCom,8108/01/06,ORY,1600,1600,CDG,1630,1630,0,10,0,0,0,0
TranspCom#3,TranspCom,1108/01/06,CDG,1640,1640,ORY,1670,1670,0,10,0,0,0,0
TranspCom#3,TranspCom,8508/01/06,ORY,1680,1680,CDG,1710,1710,0,10,0,0,0,0
TranspCom#3,TranspCom,1508/01/06,CDG,1720,1720,ORY,1750,1750,0,10,0,0,0,0
TranspCom#3,TranspCom,8908/01/06,ORY,1760,1760,CDG,1790,1790,0,10,0,0,0,0
TranspCom#3,TranspCom,1908/01/06,CDG,1800,1800,ORY,1830,1830,0,10,0,0,0,0
TranspCom#3,TranspCom,9308/01/06,ORY,1840,1840,CDG,1870,1870,0,10,0,0,0,0
TranspCom#3,TranspCom,2308/01/06,CDG,1880,1880,ORY,1910,1910,0,10,0,0,0,0
TranspCom#3,TranspCom,9708/01/06,ORY,1920,1920,CDG,1950,1950,0,10,0,0,0,0
TranspCom#3,TranspCom,2708/01/06,CDG,1960,1960,ORY,1990,1990,0,10,0,0,0,0
TranspCom#3,TranspCom,10108/01/06,ORY,2000,2000,CDG,2030,2030,0,10,0,0,0,0
TranspCom#3,TranspCom,3108/01/06,CDG,2040,2040,ORY,2070,2070,0,10,0,0,0,0
TranspCom#3,TranspCom,10508/01/06,ORY,2080,2080,CDG,2110,2110,0,10,0,0,0,0
TranspCom#3,TranspCom,3508/01/06,CDG,2120,2120,ORY,2150,2150,0,10,0,0,0,0
TranspCom#3,TranspCom,10908/01/06,ORY,2160,2160,CDG,2190,2190,0,10,0,0,0,0
TranspCom#3,TranspCom,3908/01/06,CDG,2200,2200,ORY,2230,2230,0,10,0,0,0,0
TranspCom#3,TranspCom,11308/01/06,ORY,2240,2240,CDG,2270,2270,0,10,0,0,0,0
TranspCom#3,TranspCom,4308/01/06,CDG,2280,2280,ORY,2310,2310,0,10,0,0,0,0
TranspCom#3,TranspCom,11708/01/06,ORY,2320,2320,CDG,2350,2350,0,10,0,0,0,0
TranspCom#3,TranspCom,4708/01/06,CDG,2360,2360,ORY,2390,2390,0,10,0,0,0,0
TranspCom#3,TranspCom,12108/01/06,ORY,2400,2400,CDG,2430,2430,0,10,0,0,0,0
TranspCom#3,TranspCom,5108/01/06,CDG,2440,2440,ORY,2470,2470,0,10,0,0,0,0
TranspCom#3,TranspCom,12508/01/06,ORY,2480,2480,CDG,2510,2510,0,10,0,0,0,0
TranspCom#3,TranspCom,5508/01/06,CDG,2520,2520,ORY,2550,2550,0,10,0,0,0,0
TranspCom#3,TranspCom,12908/01/06,ORY,2560,2560,CDG,2590,2590,0,10,0,0,0,0
TranspCom#3,TranspCom,5908/01/06,CDG,2600,2600,ORY,2630,2630,0,10,0,0,0,0
TranspCom#3,TranspCom,13308/01/06,ORY,2640,2640,CDG,2670,2670,0,10,0,0,0,0
TranspCom#3,TranspCom,6308/01/06,CDG,2680,2680,ORY,2710,2710,0,10,0,0,0,0
TranspCom#3,TranspCom,13708/01/06,ORY,2720,2720,CDG,2750,2750,0,10,0,0,0,0
TranspCom#3,TranspCom,6708/01/06,CDG,2760,2760,ORY,2790,2790,0,10,0,0,0,0
TranspCom#3,TranspCom,14108/01/06,ORY,2800,2800,CDG,2830,2830,0,10,0,0,0,0
TranspCom#3,TranspCom,7108/01/06,CDG,2840,2840,ORY,2870,2870,0,10,0,0,0,0
TranspCom#2,TranspCom,207/01/06,CDG,20,20,ORY,50,50,0,10,0,0,0,0
TranspCom#2,TranspCom,7607/01/06,ORY,60,60,CDG,90,90,0,10,0,0,0,0
TranspCom#2,TranspCom,607/01/06,CDG,100,100,ORY,130,130,0,10,0,0,0,0
TranspCom#2,TranspCom,8007/01/06,ORY,140,140,CDG,170,170,0,10,0,0,0,0
TranspCom#2,TranspCom,1007/01/06,CDG,180,180,ORY,210,210,0,10,0,0,0,0
TranspCom#2,TranspCom,8407/01/06,ORY,220,220,CDG,250,250,0,10,0,0,0,0
TranspCom#2,TranspCom,1407/01/06,CDG,260,260,ORY,290,290,0,10,0,0,0,0
TranspCom#2,TranspCom,8807/01/06,ORY,300,300,CDG,330,330,0,10,0,0,0,0
TranspCom#2,TranspCom,1807/01/06,CDG,340,340,ORY,370,370,0,10,0,0,0,0
TranspCom#2,TranspCom,9207/01/06,ORY,380,380,CDG,410,410,0,10,0,0,0,0
TranspCom#2,TranspCom,2207/01/06,CDG,420,420,ORY,450,450,0,10,0,0,0,0
TranspCom#2,TranspCom,9607/01/06,ORY,460,460,CDG,490,490,0,10,0,0,0,0
TranspCom#2,TranspCom,2607/01/06,CDG,500,500,ORY,530,530,0,10,0,0,0,0
TranspCom#2,TranspCom,10007/01/06,ORY,540,540,CDG,570,570,0,10,0,0,0,0
TranspCom#2,TranspCom,3007/01/06,CDG,580,580,ORY,610,610,0,10,0,0,0,0
TranspCom#2,TranspCom,10407/01/06,ORY,620,620,CDG,650,650,0,10,0,0,0,0
TranspCom#2,TranspCom,3407/01/06,CDG,660,660,ORY,690,690,0,10,0,0,0,0
TranspCom#2,TranspCom,10807/01/06,ORY,700,700,CDG,730,730,0,10,0,0,0,0
TranspCom#2,TranspCom,3807/01/06,CDG,740,740,ORY,770,770,0,10,0,0,0,0
TranspCom#2,TranspCom,11207/01/06,ORY,780,780,CDG,810,810,0,10,0,0,0,0
TranspCom#2,TranspCom,4207/01/06,CDG,820,820,ORY,850,850,0,10,0,0,0,0
TranspCom#2,TranspCom,11607/01/06,ORY,860,860,CDG,890,890,0,10,0,0,0,0
TranspCom#2,TranspCom,4607/01/06,CDG,900,900,ORY,930,930,0,10,0,0,0,0
TranspCom#2,TranspCom,12007/01/06,ORY,940,940,CDG,970,970,0,10,0,0,0,0
TranspCom#2,TranspCom,5007/01/06,CDG,980,980,ORY,1010,1010,0,10,0,0,0,0
TranspCom#2,TranspCom,12407/01/06,ORY,1020,1020,CDG,1050,1050,0,10,0,0,0,0
TranspCom#2,TranspCom,5407/01/06,CDG,1060,1060,ORY,1090,1090,0,10,0,0,0,0
TranspCom#2,TranspCom,12807/01/06,ORY,1100,1100,CDG,1130,1130,0,10,0,0,0,0
TranspCom#2,TranspCom,5807/01/06,CDG,1140,1140,ORY,1170,1170,0,10,0,0,0,0
TranspCom#2,TranspCom,13207/01/06,ORY,1180,1180,CDG,1210,1210,0,10,0,0,0,0
TranspCom#2,TranspCom,6207/01/06,CDG,1220,1220,ORY,1250,1250,0,10,0,0,0,0
TranspCom#2,TranspCom,13607/01/06,ORY,1260,1260,CDG,1290,1290,0,10,0,0,0,0
TranspCom#2,TranspCom,6607/01/06,CDG,1300,1300,ORY,1330,1330,0,10,0,0,0,0
TranspCom#2,TranspCom,14007/01/06,ORY,1340,1340,CDG,1370,1370,0,10,0,0,0,0
TranspCom#2,TranspCom,7007/01/06,CDG,1380,1380,ORY,1410,1410,0,10,0,0,0,0
TranspCom#2,TranspCom,14407/01/06,ORY,1420,1420,CDG,1450,1450,0,10,0,0,0,0
TranspCom#2,TranspCom,208/01/06,CDG,1460,1460,ORY,1490,1490,0,10,0,0,0,0
TranspCom#2,TranspCom,7608/01/06,ORY,1500,1500,CDG,1530,1530,0,10,0,0,0,0
TranspCom#2,TranspCom,608/01/06,CDG,1540,1540,ORY,1570,1570,0,10,0,0,0,0
TranspCom#2,TranspCom,8008/01/06,ORY,1580,1580,CDG,1610,1610,0,10,0,0,0,0
TranspCom#2,TranspCom,1008/01/06,CDG,1620,1620,ORY,1650,1650,0,10,0,0,0,0
TranspCom#2,TranspCom,8408/01/06,ORY,1660,1660,CDG,1690,1690,0,10,0,0,0,0
TranspCom#2,TranspCom,1408/01/06,CDG,1700,1700,ORY,1730,1730,0,10,0,0,0,0
TranspCom#2,TranspCom,8808/01/06,ORY,1740,1740,CDG,1770,1770,0,10,0,0,0,0
TranspCom#2,TranspCom,1808/01/06,CDG,1780,1780,ORY,1810,1810,0,10,0,0,0,0
TranspCom#2,TranspCom,9208/01/06,ORY,1820,1820,CDG,1850,1850,0,10,0,0,0,0
TranspCom#2,TranspCom,2208/01/06,CDG,1860,1860,ORY,1890,1890,0,10,0,0,0,0
TranspCom#2,TranspCom,9608/01/06,ORY,1900,1900,CDG,1930,1930,0,10,0,0,0,0
TranspCom#2,TranspCom,2608/01/06,CDG,1940,1940,ORY,1970,1970,0,10,0,0,0,0
TranspCom#2,TranspCom,10008/01/06,ORY,1980,1980,CDG,2010,2010,0,10,0,0,0,0
TranspCom#2,TranspCom,3008/01/06,CDG,2020,2020,ORY,2050,2050,0,10,0,0,0,0
TranspCom#2,TranspCom,10408/01/06,ORY,2060,2060,CDG,2090,2090,0,10,0,0,0,0
TranspCom#2,TranspCom,3408/01/06,CDG,2100,2100,ORY,2130,2130,0,10,0,0,0,0
TranspCom#2,TranspCom,10808/01/06,ORY,2140,2140,CDG,2170,2170,0,10,0,0,0,0
TranspCom#2,TranspCom,3808/01/06,CDG,2180,2180,ORY,2210,2210,0,10,0,0,0,0
TranspCom#2,TranspCom,11208/01/06,ORY,2220,2220,CDG,2250,2250,0,10,0,0,0,0
TranspCom#2,TranspCom,4208/01/06,CDG,2260,2260,ORY,2290,2290,0,10,0,0,0,0
TranspCom#2,TranspCom,11608/01/06,ORY,2300,2300,CDG,2330,2330,0,10,0,0,0,0
TranspCom#2,TranspCom,4608/01/06,CDG,2340,2340,ORY,2370,2370,0,10,0,0,0,0
TranspCom#2,TranspCom,12008/01/06,ORY,2380,2380,CDG,2410,2410,0,10,0,0,0,0
TranspCom#2,TranspCom,5008/01/06,CDG,2420,2420,ORY,2450,2450,0,10,0,0,0,0
TranspCom#2,TranspCom,12408/01/06,ORY,2460,2460,CDG,2490,2490,0,10,0,0,0,0
TranspCom#2,TranspCom,5408/01/06,CDG,2500,2500,ORY,2530,2530,0,10,0,0,0,0
TranspCom#2,TranspCom,12808/01/06,ORY,2540,2540,CDG,2570,2570,0,10,0,0,0,0
TranspCom#2,TranspCom,5808/01/06,CDG,2580,2580,ORY,2610,2610,0,10,0,0,0,0
TranspCom#2,TranspCom,13208/01/06,ORY,2620,2620,CDG,2650,2650,0,10,0,0,0,0
TranspCom#2,TranspCom,6208/01/06,CDG,2660,2660,ORY,2690,2690,0,10,0,0,0,0
TranspCom#2,TranspCom,13608/01/06,ORY,2700,2700,CDG,2730,2730,0,10,0,0,0,0
TranspCom#2,TranspCom,6608/01/06,CDG,2740,2740,ORY,2770,2770,0,10,0,0,0,0
TranspCom#2,TranspCom,14008/01/06,ORY,2780,2780,CDG,2810,2810,0,10,0,0,0,0
TranspCom#2,TranspCom,7008/01/06,CDG,2820,2820,ORY,2850,2850,0,10,0,0,0,0
TranspCom#2,TranspCom,14408/01/06,ORY,2860,2860,CDG,2890,2890,0,10,0,0,0,0
TranspCom#1,TranspCom,107/01/06,CDG,0,0,ORY,30,30,0,10,0,0,0,0
TranspCom#1,TranspCom,7507/01/06,ORY,40,40,CDG,70,70,0,10,0,0,0,0
TranspCom#1,TranspCom,507/01/06,CDG,80,80,ORY,110,110,0,10,0,0,0,0
TranspCom#1,TranspCom,7907/01/06,ORY,120,120,CDG,150,150,0,10,0,0,0,0
TranspCom#1,TranspCom,907/01/06,CDG,160,160,ORY,190,190,0,10,0,0,0,0
TranspCom#1,TranspCom,8307/01/06,ORY,200,200,CDG,230,230,0,10,0,0,0,0
TranspCom#1,TranspCom,1307/01/06,CDG,240,240,ORY,270,270,0,10,0,0,0,0
TranspCom#1,TranspCom,8707/01/06,ORY,280,280,CDG,310,310,0,10,0,0,0,0
TranspCom#1,TranspCom,1707/01/06,CDG,320,320,ORY,350,350,0,10,0,0,0,0
TranspCom#1,TranspCom,9107/01/06,ORY,360,360,CDG,390,390,0,10,0,0,0,0
TranspCom#1,TranspCom,2107/01/06,CDG,400,400,ORY,430,430,0,10,0,0,0,0
TranspCom#1,TranspCom,9507/01/06,ORY,440,440,CDG,470,470,0,10,0,0,0,0
TranspCom#1,TranspCom,2507/01/06,CDG,480,480,ORY,510,510,0,10,0,0,0,0
TranspCom#1,TranspCom,9907/01/06,ORY,520,520,CDG,550,550,0,10,0,0,0,0
TranspCom#1,TranspCom,2907/01/06,CDG,560,560,ORY,590,590,0,10,0,0,0,0
TranspCom#1,TranspCom,10307/01/06,ORY,600,600,CDG,630,630,0,10,0,0,0,0
TranspCom#1,TranspCom,3307/01/06,CDG,640,640,ORY,670,670,0,10,0,0,0,0
TranspCom#1,TranspCom,10707/01/06,ORY,680,680,CDG,710,710,0,10,0,0,0,0
TranspCom#1,TranspCom,3707/01/06,CDG,720,720,ORY,750,750,0,10,0,0,0,0
TranspCom#1,TranspCom,11107/01/06,ORY,760,760,CDG,790,790,0,10,0,0,0,0
TranspCom#1,TranspCom,4107/01/06,CDG,800,800,ORY,830,830,0,10,0,0,0,0
TranspCom#1,TranspCom,11507/01/06,ORY,840,840,CDG,870,870,0,10,0,0,0,0
TranspCom#1,TranspCom,4507/01/06,CDG,880,880,ORY,910,910,0,10,0,0,0,0
TranspCom#1,TranspCom,11907/01/06,ORY,920,920,CDG,950,950,0,10,0,0,0,0
TranspCom#1,TranspCom,4907/01/06,CDG,960,960,ORY,990,990,0,10,0,0,0,0
TranspCom#1,TranspCom,12307/01/06,ORY,1000,1000,CDG,1030,1030,0,10,0,0,0,0
TranspCom#1,TranspCom,5307/01/06,CDG,1040,1040,ORY,1070,1070,0,10,0,0,0,0
TranspCom#1,TranspCom,12707/01/06,ORY,1080,1080,CDG,1110,1110,0,10,0,0,0,0
TranspCom#1,TranspCom,5707/01/06,CDG,1120,1120,ORY,1150,1150,0,10,0,0,0,0
TranspCom#1,TranspCom,13107/01/06,ORY,1160,1160,CDG,1190,1190,0,10,0,0,0,0
TranspCom#1,TranspCom,6107/01/06,CDG,1200,1200,ORY,1230,1230,0,10,0,0,0,0
TranspCom#1,TranspCom,13507/01/06,ORY,1240,1240,CDG,1270,1270,0,10,0,0,0,0
TranspCom#1,TranspCom,6507/01/06,CDG,1280,1280,ORY,1310,1310,0,10,0,0,0,0
TranspCom#1,TranspCom,13907/01/06,ORY,1320,1320,CDG,1350,1350,0,10,0,0,0,0
TranspCom#1,TranspCom,6907/01/06,CDG,1360,1360,ORY,1390,1390,0,10,0,0,0,0
TranspCom#1,TranspCom,14307/01/06,ORY,1400,1400,CDG,1430,1430,0,10,0,0,0,0
TranspCom#1,TranspCom,108/01/06,CDG,1440,1440,ORY,1470,1470,0,10,0,0,0,0
TranspCom#1,TranspCom,7508/01/06,ORY,1480,1480,CDG,1510,1510,0,10,0,0,0,0
TranspCom#1,TranspCom,508/01/06,CDG,1520,1520,ORY,1550,1550,0,10,0,0,0,0
TranspCom#1,TranspCom,7908/01/06,ORY,1560,1560,CDG,1590,1590,0,10,0,0,0,0
TranspCom#1,TranspCom,908/01/06,CDG,1600,1600,ORY,1630,1630,0,10,0,0,0,0
TranspCom#1,TranspCom,8308/01/06,ORY,1640,1640,CDG,1670,1670,0,10,0,0,0,0
TranspCom#1,TranspCom,1308/01/06,CDG,1680,1680,ORY,1710,1710,0,10,0,0,0,0
TranspCom#1,TranspCom,8708/01/06,ORY,1720,1720,CDG,1750,1750,0,10,0,0,0,0
TranspCom#1,TranspCom,1708/01/06,CDG,1760,1760,ORY,1790,1790,0,10,0,0,0,0
TranspCom#1,TranspCom,9108/01/06,ORY,1800,1800,CDG,1830,1830,0,10,0,0,0,0
TranspCom#1,TranspCom,2108/01/06,CDG,1840,1840,ORY,1870,1870,0,10,0,0,0,0
TranspCom#1,TranspCom,9508/01/06,ORY,1880,1880,CDG,1910,1910,0,10,0,0,0,0
TranspCom#1,TranspCom,2508/01/06,CDG,1920,1920,ORY,1950,1950,0,10,0,0,0,0
TranspCom#1,TranspCom,9908/01/06,ORY,1960,1960,CDG,1990,1990,0,10,0,0,0,0
TranspCom#1,TranspCom,2908/01/06,CDG,2000,2000,ORY,2030,2030,0,10,0,0,0,0
TranspCom#1,TranspCom,10308/01/06,ORY,2040,2040,CDG,2070,2070,0,10,0,0,0,0
TranspCom#1,TranspCom,3308/01/06,CDG,2080,2080,ORY,2110,2110,0,10,0,0,0,0
TranspCom#1,TranspCom,10708/01/06,ORY,2120,2120,CDG,2150,2150,0,10,0,0,0,0
TranspCom#1,TranspCom,3708/01/06,CDG,2160,2160,ORY,2190,2190,0,10,0,0,0,0
TranspCom#1,TranspCom,11108/01/06,ORY,2200,2200,CDG,2230,2230,0,10,0,0,0,0
TranspCom#1,TranspCom,4108/01/06,CDG,2240,2240,ORY,2270,2270,0,10,0,0,0,0
TranspCom#1,TranspCom,11508/01/06,ORY,2280,2280,CDG,2310,2310,0,10,0,0,0,0
TranspCom#1,TranspCom,4508/01/06,CDG,2320,2320,ORY,2350,2350,0,10,0,0,0,0
TranspCom#1,TranspCom,11908/01/06,ORY,2360,2360,CDG,2390,2390,0,10,0,0,0,0
TranspCom#1,TranspCom,4908/01/06,CDG,2400,2400,ORY,2430,2430,0,10,0,0,0,0
TranspCom#1,TranspCom,12308/01/06,ORY,2440,2440,CDG,2470,2470,0,10,0,0,0,0
TranspCom#1,TranspCom,5308/01/06,CDG,2480,2480,ORY,2510,2510,0,10,0,0,0,0
TranspCom#1,TranspCom,12708/01/06,ORY,2520,2520,CDG,2550,2550,0,10,0,0,0,0
TranspCom#1,TranspCom,5708/01/06,CDG,2560,2560,ORY,2590,2590,0,10,0,0,0,0
TranspCom#1,TranspCom,13108/01/06,ORY,2600,2600,CDG,2630,2630,0,10,0,0,0,0
TranspCom#1,TranspCom,6108/01/06,CDG,2640,2640,ORY,2670,2670,0,10,0,0,0,0
TranspCom#1,TranspCom,13508/01/06,ORY,2680,2680,CDG,2710,2710,0,10,0,0,0,0
TranspCom#1,TranspCom,6508/01/06,CDG,2720,2720,ORY,2750,2750,0,10,0,0,0,0
TranspCom#1,TranspCom,13908/01/06,ORY,2760,2760,CDG,2790,2790,0,10,0,0,0,0
TranspCom#1,TranspCom,6908/01/06,CDG,2800,2800,ORY,2830,2830,0,10,0,0,0,0
TranspCom#1,TranspCom,14308/01/06,ORY,2840,2840,CDG,2870,2870,0,10,0,0,0,0
F100#6,F100,261307/01/06,RNS,330,330,LYS,405,405,0,30,0,0,0,0
F100#6,F100,261407/01/06,LYS,465,465,RNS,545,545,0,30,0,0,0,0
F100#6,F100,261907/01/06,RNS,755,755,LYS,830,830,0,30,0,0,0,0
F100#6,F100,262007/01/06,LYS,885,885,RNS,965,965,0,30,0,0,0,0
F100#6,F100,258308/01/06,RNS,1765,1765,CDG,1825,1825,0,30,0,0,0,0
F100#6,F100,454308/01/06,CDG,2065,2065,MPL,2150,2150,0,30,0,0,0,0
F100#6,F100,454608/01/06,MPL,2200,2200,CDG,2290,2290,0,30,0,0,0,0
F100#6,F100,258608/01/06,CDG,2580,2580,RNS,2635,2635,0,30,0,0,0,0
F100#5,F100,463607/01/06,PUF,325,325,CDG,415,415,0,30,0,0,0,0
F100#5,F100,463907/01/06,CDG,450,450,PUF,540,540,0,30,0,0,0,0
F100#5,F100,463807/01/06,PUF,585,585,CDG,675,675,0,30,0,0,0,0
F100#5,F100,458507/01/06,CDG,780,780,NTE,845,845,0,30,0,0,0,0
F100#5,F100,458607/01/06,NTE,915,915,CDG,980,980,0,30,0,0,0,0
F100#5,F100,463707/01/06,CDG,1210,1210,PUF,1295,1295,0,30,0,0,0,0
F100#5,F100,463608/01/06,PUF,1765,1765,CDG,1855,1855,0,30,0,0,0,0
F100#5,F100,463908/01/06,CDG,1890,1890,PUF,1980,1980,0,30,0,0,0,0
F100#5,F100,463808/01/06,PUF,2025,2025,CDG,2115,2115,0,30,0,0,0,0
F100#5,F100,458508/01/06,CDG,2220,2220,NTE,2285,2285,0,30,0,0,0,0
F100#5,F100,458608/01/06,NTE,2355,2355,CDG,2420,2420,0,30,0,0,0,0
F100#5,F100,463708/01/06,CDG,2650,2650,PUF,2735,2735,0,30,0,0,0,0
F100#4,F100,265307/01/06,BES,325,325,LYS,415,415,0,30,0,0,0,0
F100#4,F100,265407/01/06,LYS,460,460,BES,555,555,0,30,0,0,0,0
F100#4,F100,265707/01/06,BES,605,605,MRS,705,705,0,30,0,0,0,0
F100#4,F100,265807/01/06,MRS,745,745,BES,845,845,0,30,0,0,0,0
F100#4,F100,253408/01/06,BES,1800,1800,NTE,1845,1845,0,30,0,0,0,0
F100#4,F100,263408/01/06,NTE,1875,1875,SXB,1955,1955,0,30,0,0,0,0
F100#4,F100,263308/01/06,SXB,1985,1985,NTE,2065,2065,0,30,0,0,0,0
F100#4,F100,253308/01/06,NTE,2095,2095,BES,2135,2135,0,30,0,0,0,0
F100#4,F100,265508/01/06,BES,2180,2180,LYS,2270,2270,0,30,0,0,0,0
F100#4,F100,265608/01/06,LYS,2310,2310,BES,2395,2395,0,30,0,0,0,0
F100#3,F100,252007/01/06,NTE,445,445,TLS,505,505,0,30,0,0,0,0
F100#3,F100,251907/01/06,TLS,535,535,NTE,595,595,0,30,0,0,0,0
F100#3,F100,251807/01/06,NTE,645,645,TLS,705,705,0,30,0,0,0,0
F100#3,F100,251707/01/06,TLS,735,735,NTE,795,795,0,30,0,0,0,0
F100#3,F100,262607/01/06,NTE,830,830,MRS,910,910,0,30,0,0,0,0
F100#3,F100,262507/01/06,MRS,945,945,NTE,1030,1030,0,30,0,0,0,0
F100#3,F100,262408/01/06,NTE,1865,1865,MRS,1945,1945,0,30,0,0,0,0
F100#3,F100,262308/01/06,MRS,1980,1980,NTE,2065,2065,0,30,0,0,0,0
F100#3,F100,263008/01/06,NTE,2100,2100,MRS,2180,2180,0,30,0,0,0,0
F100#3,F100,262908/01/06,MRS,2215,2215,NTE,2300,2300,0,30,0,0,0,0
F100#2,F100,264807/01/06,SXB,350,350,LYS,410,410,0,30,0,0,0,0
F100#2,F100,264707/01/06,LYS,460,460,SXB,520,520,0,30,0,0,0,0
F100#2,F100,483707/01/06,SXB,555,555,NCE,635,635,0,30,0,0,0,0
F100#2,F100,483807/01/06,NCE,675,675,SXB,755,755,0,30,0,0,0,0
F100#2,F100,264407/01/06,SXB,790,790,LYS,850,850,0,30,0,0,0,0
F100#2,F100,264307/01/06,LYS,900,900,SXB,960,960,0,30,0,0,0,0
F100#2,F100,267308/01/06,SXB,1795,1795,LGW,1880,1880,0,30,0,0,0,0
F100#2,F100,267408/01/06,LGW,1915,1915,SXB,2005,2005,0,30,0,0,0,0
F100#2,F100,462408/01/06,SXB,2070,2070,CDG,2140,2140,0,30,0,0,0,0
F100#2,F100,462708/01/06,CDG,2230,2230,SXB,2300,2300,0,30,0,0,0,0
F100#2,F100,462808/01/06,SXB,2355,2355,CDG,2425,2425,0,30,0,0,0,0
F100#2,F100,463108/01/06,CDG,2505,2505,SXB,2570,2570,0,30,0,0,0,0
ERJ145#5,ERJ145,469407/01/06,NCE,340,340,LYS,395,395,0,25,0,0,0,0
ERJ145#5,ERJ145,469307/01/06,LYS,470,470,NCE,530,530,0,25,0,0,0,0
ERJ145#5,ERJ145,469607/01/06,NCE,590,590,LYS,645,645,0,25,0,0,0,0
ERJ145#5,ERJ145,469907/01/06,LYS,685,685,NCE,745,745,0,25,0,0,0,0
ERJ145#5,ERJ145,470007/01/06,NCE,785,785,LYS,840,840,0,25,0,0,0,0
ERJ145#5,ERJ145,469507/01/06,LYS,900,900,NCE,960,960,0,25,0,0,0,0
ERJ145#5,ERJ145,469408/01/06,NCE,1780,1780,LYS,1835,1835,0,25,0,0,0,0
ERJ145#5,ERJ145,469308/01/06,LYS,1910,1910,NCE,1970,1970,0,25,0,0,0,0
ERJ145#5,ERJ145,469608/01/06,NCE,2030,2030,LYS,2085,2085,0,25,0,0,0,0
ERJ145#5,ERJ145,469908/01/06,LYS,2125,2125,NCE,2185,2185,0,25,0,0,0,0
ERJ145#5,ERJ145,470008/01/06,NCE,2225,2225,LYS,2280,2280,0,25,0,0,0,0
ERJ145#5,ERJ145,469508/01/06,LYS,2340,2340,NCE,2400,2400,0,25,0,0,0,0
ERJ145#3,ERJ145,452207/01/06,CFE,335,335,CDG,400,400,0,25,0,0,0,0
ERJ145#3,ERJ145,451707/01/06,CDG,435,495,CFE,495,555,0,25,0,0,0,0
ERJ145#3,ERJ145,451807/01/06,CFE,535,595,CDG,600,660,0,25,0,0,0,0
ERJ145#3,ERJ145,258407/01/06,CDG,750,750,RNS,815,815,0,25,0,0,0,0
ERJ145#3,ERJ145,258507/01/06,RNS,895,895,CDG,955,955,0,25,0,0,0,0
ERJ145#3,ERJ145,464107/01/06,CDG,1040,1040,PUF,1130,1130,0,25,0,0,0,0
ERJ145#3,ERJ145,464207/01/06,PUF,1170,1170,CDG,1260,1260,0,25,0,0,0,0
ERJ145#3,ERJ145,464308/01/06,CDG,1815,1815,TLS,1900,1900,0,25,0,0,0,0
ERJ145#3,ERJ145,297208/01/06,TLS,1990,1990,ORY,2070,2070,0,25,0,0,0,0
ERJ145#3,ERJ145,443108/01/06,ORY,2140,2140,AJA,2240,2240,0,25,0,0,0,0
ERJ145#3,ERJ145,443208/01/06,AJA,2315,2315,ORY,2415,2415,0,25,0,0,0,0
ERJ145#3,ERJ145,443708/01/06,ORY,2460,2460,AJA,2560,2560,0,25,0,0,0,0
ERJ145#3,ERJ145,443408/01/06,AJA,2610,2610,ORY,2710,2710,0,25,0,0,0,0
ERJ145#2,ERJ145,436007/01/06,LDE,390,390,ORY,475,475,0,25,0,0,0,0
ERJ145#2,ERJ145,435907/01/06,ORY,525,525,LDE,605,605,0,25,0,0,0,0
ERJ145#2,ERJ145,435007/01/06,LDE,645,645,ORY,730,730,0,25,0,0,0,0
ERJ145#2,ERJ145,434907/01/06,ORY,775,775,LDE,855,855,0,25,0,0,0,0
ERJ145#2,ERJ145,436008/01/06,LDE,1830,1830,ORY,1915,1915,0,25,0,0,0,0
ERJ145#2,ERJ145,435908/01/06,ORY,1965,1965,LDE,2045,2045,0,25,0,0,0,0
ERJ145#2,ERJ145,435008/01/06,LDE,2085,2085,ORY,2170,2170,0,25,0,0,0,0
ERJ145#2,ERJ145,434908/01/06,ORY,2215,2215,LDE,2295,2295,0,25,0,0,0,0
ERJ145#1,ERJ145,433407/01/06,AVN,330,330,ORY,405,405,0,25,0,0,0,0
ERJ145#1,ERJ145,433307/01/06,ORY,495,495,AVN,570,570,0,25,0,0,0,0
ERJ145#1,ERJ145,433607/01/06,AVN,605,605,ORY,680,680,0,25,0,0,0,0
ERJ145#1,ERJ145,433707/01/06,ORY,740,740,AVN,815,815,0,25,0,0,0,0
ERJ145#1,ERJ145,433408/01/06,AVN,1770,1770,ORY,1845,1845,0,25,0,0,0,0
ERJ145#1,ERJ145,433308/01/06,ORY,1935,1935,AVN,2010,2010,0,25,0,0,0,0
ERJ145#1,ERJ145,433608/01/06,AVN,2045,2045,ORY,2120,2120,0,25,0,0,0,0
ERJ145#1,ERJ145,433708/01/06,ORY,2180,2180,AVN,2255,2255,0,25,0,0,0,0
ERJ135#2,ERJ135,259707/01/06,LEH,300,300,URO,320,320,0,25,0,0,0,0
ERJ135#2,ERJ135,259807/01/06,URO,340,340,LYS,420,420,2597,20,0,0,0,0
ERJ135#2,ERJ135,259907/01/06,LYS,460,460,LEH,550,550,0,25,0,0,0,0
ERJ135#2,ERJ135,260007/01/06,LEH,570,570,URO,590,590,2599,20,0,0,0,0
ERJ135#2,ERJ135,260107/01/06,URO,900,900,LEH,920,920,0,25,0,0,0,0
ERJ135#2,ERJ135,260207/01/06,LEH,940,940,LYS,1030,1030,2601,20,0,0,0,0
ERJ135#2,ERJ135,260307/01/06,LYS,1070,1070,URO,1150,1150,0,25,0,0,0,0
ERJ135#2,ERJ135,260407/01/06,URO,1170,1170,LEH,1190,1190,2603,20,0,0,0,0
ERJ135#2,ERJ135,259708/01/06,LEH,1740,1740,URO,1760,1760,0,25,0,0,0,0
ERJ135#2,ERJ135,259808/01/06,URO,1780,1780,LYS,1860,1860,2597,20,0,0,0,0
ERJ135#2,ERJ135,259908/01/06,LYS,1900,1900,LEH,1990,1990,0,25,0,0,0,0
ERJ135#2,ERJ135,260008/01/06,LEH,2010,2010,URO,2030,2030,2599,20,0,0,0,0
ERJ135#2,ERJ135,260108/01/06,URO,2340,2340,LEH,2360,2360,0,25,0,0,0,0
ERJ135#2,ERJ135,260208/01/06,LEH,2380,2380,LYS,2470,2470,2601,20,0,0,0,0
ERJ135#2,ERJ135,260308/01/06,LYS,2510,2510,URO,2590,2590,0,25,0,0,0,0
ERJ135#2,ERJ135,260408/01/06,URO,2610,2610,LEH,2630,2630,2603,20,0,0,0,0
ERJ135#1,ERJ135,440007/01/06,FSC,450,450,ORY,555,555,0,25,0,0,0,0
ERJ135#1,ERJ135,439307/01/06,ORY,580,580,FSC,685,685,0,25,0,0,0,0
ERJ135#1,ERJ135,439407/01/06,FSC,735,735,ORY,840,840,0,25,0,0,0,0
ERJ135#1,ERJ135,306708/01/06,ORY,1890,1890,NCE,1970,1970,0,25,0,0,0,0
ERJ135#1,ERJ135,478408/01/06,NCE,2040,2040,LIL,2140,2140,0,25,0,0,0,0
ERJ135#1,ERJ135,467908/01/06,LIL,2195,2195,LYS,2270,2270,0,25,0,0,0,0
ERJ135#1,ERJ135,467808/01/06,LYS,2325,2325,LIL,2400,2400,0,25,0,0,0,0
CRJ700#1,CRJ700,512307/01/06,TLS,305,305,AMS,440,440,0,30,0,0,0,0
CRJ700#1,CRJ700,512407/01/06,AMS,505,505,TLS,620,620,0,30,0,0,0,0
CRJ700#1,CRJ700,512507/01/06,TLS,660,660,AMS,790,790,0,30,0,0,0,0
CRJ700#1,CRJ700,512607/01/06,AMS,870,870,TLS,985,985,0,30,0,0,0,0
CRJ700#1,CRJ700,512707/01/06,TLS,1025,1025,AMS,1155,1155,0,30,0,0,0,0
CRJ700#1,CRJ700,512807/01/06,AMS,1205,1205,TLS,1320,1320,0,30,0,0,0,0
CRJ700#1,CRJ700,512308/01/06,TLS,1745,1745,AMS,1880,1880,0,30,0,0,0,0
CRJ700#1,CRJ700,512408/01/06,AMS,1945,1945,TLS,2060,2060,0,30,0,0,0,0
CRJ700#1,CRJ700,512508/01/06,TLS,2100,2100,AMS,2230,2230,0,30,0,0,0,0
CRJ700#1,CRJ700,512608/01/06,AMS,2310,2310,TLS,2425,2425,0,30,0,0,0,0
CRJ700#1,CRJ700,512708/01/06,TLS,2465,2465,AMS,2595,2595,0,30,0,0,0,0
CRJ700#1,CRJ700,512808/01/06,AMS,2645,2645,TLS,2760,2760,0,30,0,0,0,0
CRJ100#4,CRJ100,509307/01/06,AMS,840,840,CFE,930,930,0,25,0,0,0,1
CRJ100#4,CRJ100,509407/01/06,CFE,1000,1000,AMS,1095,1095,0,25,0,0,0,0
CRJ100#4,CRJ100,516507/01/06,BOD,685,685,AMS,795,795,0,25,0,0,0,1
CRJ100#4,CRJ100,516407/01/06,AMS,535,1435,BOD,645,1545,0,25,0,0,0,0
CRJ100#4,CRJ100,516308/01/06,BOD,1790,1790,AMS,1900,1900,0,25,0,0,0,0
CRJ100#4,CRJ100,516607/01/06,AMS,1140,1980,BOD,1250,2090,0,25,0,0,0,0
CRJ100#4,CRJ100,516508/01/06,BOD,2125,2125,AMS,2235,2235,0,25,0,0,0,0
CRJ100#4,CRJ100,509308/01/06,AMS,2280,2280,CFE,2370,2370,0,25,0,0,0,0
CRJ100#4,CRJ100,509408/01/06,CFE,2440,2440,AMS,2535,2535,0,25,0,0,0,0
CRJ100#4,CRJ100,516608/01/06,AMS,2580,2580,BOD,2690,2690,0,25,0,0,0,0
CRJ100#4,CRJ100,516307/01/06,BOD,2715,2715,AMS,2825,2825,0,25,0,0,0,0
CRJ100#4,CRJ100,516408/01/06,AMS,1975,2875,BOD,2085,2985,0,25,0,0,0,0
CRJ100#4,CRJ100,517407/01/06,BOD,425,425,CFE,480,480,0,25,0,0,1,0
CRJ100#3,CRJ100,260507/01/06,RNS,400,400,TLS,465,465,0,25,0,0,0,0
CRJ100#3,CRJ100,260607/01/06,TLS,490,670,RNS,560,740,0,25,0,0,0,0
CRJ100#3,CRJ100,252107/01/06,RNS,590,1430,MPL,665,1505,0,25,0,0,0,0
CRJ100#3,CRJ100,252207/01/06,MPL,695,1535,RNS,775,1615,0,25,0,0,0,0
CRJ100#3,CRJ100,421307/01/06,RNS,840,1680,ORY,905,1745,0,25,0,0,0,0
CRJ100#3,CRJ100,421407/01/06,ORY,975,1815,RNS,1035,1875,0,25,0,0,0,0
CRJ100#3,CRJ100,260508/01/06,RNS,1840,1900,TLS,1905,1965,0,25,0,0,0,0
CRJ100#3,CRJ100,260608/01/06,TLS,1930,1990,RNS,2000,2060,0,25,0,0,0,0
CRJ100#3,CRJ100,252108/01/06,RNS,2030,2090,MPL,2105,2165,0,25,0,0,0,0
CRJ100#3,CRJ100,252208/01/06,MPL,2135,2195,RNS,2215,2275,0,25,0,0,0,0
CRJ100#3,CRJ100,421308/01/06,RNS,2280,2340,ORY,2345,2405,0,25,0,0,0,0
CRJ100#3,CRJ100,421408/01/06,ORY,2415,2475,RNS,2475,2535,0,25,0,0,0,0
CRJ100#1,CRJ100,297807/01/06,TLS,490,490,ORY,570,570,0,25,0,0,0,0
CRJ100#1,CRJ100,434507/01/06,ORY,645,645,BIQ,720,720,0,25,0,0,0,0
CRJ100#1,CRJ100,434807/01/06,BIQ,770,770,ORY,850,850,0,25,0,0,0,0
CRJ100#1,CRJ100,435107/01/06,ORY,955,955,BIQ,1030,1030,0,25,0,0,0,0
CRJ100#1,CRJ100,435407/01/06,BIQ,1080,1080,ORY,1160,1160,0,25,0,0,0,0
CRJ100#1,CRJ100,434207/01/06,ORY,1205,1205,BIQ,1280,1280,0,25,0,0,0,0
CRJ100#1,CRJ100,434408/01/06,BIQ,1790,1790,ORY,1870,1870,0,25,0,0,0,0
CRJ100#1,CRJ100,434308/01/06,ORY,1915,1915,BIQ,1990,1990,0,25,0,0,0,0
CRJ100#1,CRJ100,450208/01/06,BIQ,2030,2030,CDG,2120,2120,0,25,0,0,0,0
CRJ100#1,CRJ100,450108/01/06,CDG,2195,2195,BIQ,2280,2280,0,25,0,0,0,0
CRJ100#1,CRJ100,435208/01/06,BIQ,2420,2420,ORY,2500,2500,0,25,0,0,0,0
CRJ100#1,CRJ100,434708/01/06,ORY,2540,2540,BIQ,2615,2615,0,25,0,0,0,0
CRJ100#1,CRJ100,435808/01/06,BIQ,2665,2665,ORY,2745,2745,0,25,0,0,0,0
BAE300#3,BAE300,267407/01/06,LGW,475,475,SXB,565,565,0,30,0,0,0,1
BAE300#3,BAE300,462407/01/06,SXB,630,630,CDG,700,700,0,30,0,0,0,0
BAE300#3,BAE300,462707/01/06,CDG,790,790,SXB,860,860,0,30,0,0,0,0
BAE300#3,BAE300,264808/01/06,SXB,1790,1790,LYS,1850,1850,0,30,0,0,0,0
BAE300#3,BAE300,462807/01/06,SXB,915,915,CDG,985,985,0,30,0,0,0,1
BAE300#3,BAE300,463107/01/06,CDG,1065,1065,SXB,1130,1130,0,30,0,0,0,1
BAE300#3,BAE300,264708/01/06,LYS,1900,1900,SXB,1960,1960,0,30,0,0,0,0
BAE300#3,BAE300,483708/01/06,SXB,1995,1995,NCE,2075,2075,0,30,0,0,0,0
BAE300#3,BAE300,483808/01/06,NCE,2115,2115,SXB,2195,2195,0,30,0,0,0,0
BAE300#3,BAE300,267307/01/06,SXB,2430,2430,LGW,2515,2515,0,30,0,0,0,0
BAE300#3,BAE300,264408/01/06,SXB,2230,2230,LYS,2290,2290,0,30,0,0,0,1
BAE300#3,BAE300,264308/01/06,LYS,2340,2340,SXB,2400,2400,0,30,0,0,0,1
BAE300#2,BAE300,252407/01/06,UIP,345,345,ORY,415,415,0,30,0,0,0,0
BAE300#2,BAE300,252307/01/06,ORY,465,465,UIP,530,530,0,30,0,0,0,0
BAE300#2,BAE300,252607/01/06,UIP,585,585,ORY,655,655,0,30,0,0,0,0
BAE300#2,BAE300,279807/01/06,ORY,780,780,LRT,845,845,0,30,0,0,0,0
BAE300#2,BAE300,279308/01/06,LRT,1800,1800,ORY,1870,1870,0,30,0,0,0,0
BAE300#2,BAE300,279408/01/06,ORY,1915,1915,LRT,1980,1980,0,30,0,0,0,0
BAE300#2,BAE300,279508/01/06,LRT,2025,2025,ORY,2090,2090,0,30,0,0,0,0
BAE300#2,BAE300,279608/01/06,ORY,2170,2170,LRT,2235,2235,0,30,0,0,0,0
BAE300#2,BAE300,279708/01/06,LRT,2280,2280,ORY,2345,2345,0,30,0,0,0,0
BAE300#2,BAE300,252508/01/06,ORY,2435,2435,UIP,2500,2500,0,30,0,0,0,0
BAE300#1,BAE300,257307/01/06,LIG,330,330,ORY,395,395,0,30,0,0,0,0
BAE300#1,BAE300,257407/01/06,ORY,480,480,LIG,540,540,0,30,0,0,0,0
BAE300#1,BAE300,258107/01/06,LIG,605,605,CDG,680,680,0,30,0,0,0,0
BAE300#1,BAE300,258207/01/06,CDG,750,750,LIG,825,825,0,30,0,0,0,0
BAE300#1,BAE300,257308/01/06,LIG,1770,1770,ORY,1835,1835,0,30,0,0,0,0
BAE300#1,BAE300,257408/01/06,ORY,1920,1920,LIG,1980,1980,0,30,0,0,0,0
BAE300#1,BAE300,258108/01/06,LIG,2045,2045,CDG,2120,2120,0,30,0,0,0,0
BAE300#1,BAE300,258208/01/06,CDG,2190,2190,LIG,2265,2265,0,30,0,0,0,0
BAE200#3,BAE200,279307/01/06,LRT,360,360,ORY,430,430,0,30,0,0,0,0
BAE200#3,BAE200,279407/01/06,ORY,475,475,LRT,540,540,0,30,0,0,0,0
BAE200#3,BAE200,279507/01/06,LRT,585,585,ORY,650,650,0,30,0,0,0,0
BAE200#3,BAE200,279607/01/06,ORY,730,730,LRT,795,795,0,30,0,0,0,0
BAE200#3,BAE200,279707/01/06,LRT,840,840,ORY,905,905,0,30,0,0,0,0
BAE200#3,BAE200,252507/01/06,ORY,995,995,UIP,1060,1060,0,30,0,0,0,0
BAE200#3,BAE200,252408/01/06,UIP,1785,1785,ORY,1855,1855,0,30,0,0,0,0
BAE200#3,BAE200,252308/01/06,ORY,1905,1905,UIP,1970,1970,0,30,0,0,0,0
BAE200#3,BAE200,252608/01/06,UIP,2025,2025,ORY,2095,2095,0,30,0,0,0,0
BAE200#3,BAE200,279808/01/06,ORY,2220,2220,LRT,2285,2285,0,30,0,0,0,0
BAE200#1,BAE200,254307/01/06,RDZ,340,340,ORY,410,410,0,30,0,0,0,0
BAE200#1,BAE200,254407/01/06,ORY,445,445,RDZ,510,510,0,30,0,0,0,0
BAE200#1,BAE200,254308/01/06,RDZ,1780,1780,ORY,1850,1850,0,30,0,0,0,0
BAE200#1,BAE200,254408/01/06,ORY,1885,1885,RDZ,1950,1950,0,30,0,0,0,0
A321#5,A321,440607/01/06,MPL,485,485,ORY,565,565,0,45,0,0,0,0
A321#5,A321,440907/01/06,ORY,615,615,MPL,690,690,0,45,0,0,0,0
A321#5,A321,441007/01/06,MPL,740,740,ORY,820,820,0,45,0,0,0,0
A321#5,A321,441307/01/06,ORY,865,865,MPL,940,940,0,45,0,0,0,0
A321#5,A321,441407/01/06,MPL,985,985,ORY,1065,1065,0,45,0,0,0,0
A321#5,A321,440707/01/06,ORY,1110,1110,MPL,1175,1175,0,45,0,0,0,0
A321#5,A321,440608/01/06,MPL,1925,1925,ORY,2005,2005,0,45,0,0,0,0
A321#5,A321,440908/01/06,ORY,2055,2055,MPL,2130,2130,0,45,0,0,0,0
A321#5,A321,441008/01/06,MPL,2180,2180,ORY,2260,2260,0,45,0,0,0,0
A321#5,A321,441308/01/06,ORY,2305,2305,MPL,2380,2380,0,45,0,0,0,0
A321#5,A321,441408/01/06,MPL,2425,2425,ORY,2505,2505,0,45,0,0,0,0
A321#5,A321,440708/01/06,ORY,2550,2550,MPL,2615,2615,0,45,0,0,0,0
A321#4,A321,456307/01/06,CDG,380,380,NCE,475,475,0,45,0,0,0,0
A321#4,A321,456407/01/06,NCE,545,545,CDG,640,640,0,45,0,0,0,0
A321#4,A321,456707/01/06,CDG,695,695,NCE,790,790,0,45,0,0,0,0
A321#4,A321,456807/01/06,NCE,835,835,CDG,930,930,0,45,0,0,0,0
A321#4,A321,457107/01/06,CDG,1045,1045,NCE,1140,1140,0,45,0,0,0,0
A321#4,A321,457207/01/06,NCE,1190,1190,ORY,1275,1275,0,45,0,0,0,0
A321#4,A321,311708/01/06,ORY,1875,1875,BOD,1940,1940,0,45,0,0,0,0
A321#4,A321,314408/01/06,BOD,1990,1990,ORY,2060,2060,0,45,0,0,0,0
A321#4,A321,286908/01/06,ORY,2170,2170,MRS,2245,2245,0,45,0,0,0,0
A321#4,A321,287808/01/06,MRS,2335,2335,ORY,2405,2405,0,45,0,0,0,0
A321#4,A321,313508/01/06,ORY,2470,2470,BOD,2535,2535,0,45,0,0,0,0
A321#3,A321,448307/01/06,CDG,390,390,BOD,470,470,0,45,0,0,0,0
A321#3,A321,448807/01/06,BOD,560,560,CDG,645,645,0,45,0,0,0,0
A321#3,A321,448707/01/06,CDG,745,745,BOD,825,825,0,45,0,0,0,0
A321#3,A321,449207/01/06,BOD,930,930,CDG,1015,1015,0,45,0,0,0,0
A321#3,A321,448907/01/06,CDG,1065,1065,BOD,1145,1145,0,45,0,0,0,0
A321#3,A321,311808/01/06,BOD,1810,1810,ORY,1880,1880,0,45,0,0,0,0
A321#3,A321,311908/01/06,ORY,1930,1930,BOD,1995,1995,0,45,0,0,0,0
A321#3,A321,312408/01/06,BOD,2045,2045,ORY,2115,2115,0,45,0,0,0,0
A321#3,A321,312308/01/06,ORY,2170,2170,BOD,2235,2235,0,45,0,0,0,0
A321#3,A321,312808/01/06,BOD,2285,2285,ORY,2355,2355,0,45,0,0,0,0
A321#3,A321,313108/01/06,ORY,2485,2485,BOD,2550,2550,0,45,0,0,0,0
A321#3,A321,313808/01/06,BOD,2605,2605,ORY,2675,2675,0,45,0,0,0,0
A321#2,A321,426407/01/06,LYS,350,350,ORY,415,415,0,45,0,0,0,0
A321#2,A321,426507/01/06,ORY,460,460,LYS,525,525,0,45,0,0,0,0
A321#2,A321,426807/01/06,LYS,570,570,ORY,635,635,0,45,0,0,0,0
A321#2,A321,427307/01/06,ORY,680,680,LYS,745,745,0,45,0,0,0,0
A321#2,A321,427207/01/06,LYS,790,790,ORY,855,855,0,45,0,0,0,0
A321#2,A321,427907/01/06,ORY,900,900,LYS,965,965,0,45,0,0,0,0
A321#2,A321,427407/01/06,LYS,1010,1010,ORY,1075,1075,0,45,0,0,0,0
A321#2,A321,427507/01/06,ORY,1120,1120,LYS,1185,1185,0,45,0,0,0,0
A321#2,A321,426408/01/06,LYS,1790,1790,ORY,1855,1855,0,45,0,0,0,0
A321#2,A321,426508/01/06,ORY,1900,1900,LYS,1965,1965,0,45,0,0,0,0
A321#2,A321,426808/01/06,LYS,2010,2010,ORY,2075,2075,0,45,0,0,0,0
A321#2,A321,427308/01/06,ORY,2120,2120,LYS,2185,2185,0,45,0,0,0,0
A321#2,A321,427208/01/06,LYS,2230,2230,ORY,2295,2295,0,45,0,0,0,0
A321#2,A321,427908/01/06,ORY,2340,2340,LYS,2405,2405,0,45,0,0,0,0
A321#2,A321,427408/01/06,LYS,2450,2450,ORY,2515,2515,0,45,0,0,0,0
A321#2,A321,427508/01/06,ORY,2560,2560,LYS,2625,2625,0,45,0,0,0,0
A321#1,A321,470407/01/06,TLS,350,410,LYS,410,470,0,45,0,0,0,0
A321#1,A321,470307/01/06,LYS,465,765,TLS,530,830,0,45,0,0,0,0
A321#1,A321,465807/01/06,TLS,575,875,CDG,665,965,0,45,0,0,0,0
A321#1,A321,465707/01/06,CDG,715,1015,TLS,800,1100,0,45,0,0,0,0
A321#1,A321,465007/01/06,TLS,900,1560,CDG,990,1650,0,45,0,0,0,0
A321#1,A321,465107/01/06,CDG,1045,1405,TLS,1130,1490,0,45,0,0,0,0
A321#1,A321,465407/01/06,TLS,1185,1185,CDG,1275,1275,0,45,0,0,0,0
A321#1,A321,456308/01/06,CDG,1820,1820,NCE,1915,1915,0,45,0,0,0,0
A321#1,A321,456408/01/06,NCE,1985,1985,CDG,2080,2080,0,45,0,0,0,0
A321#1,A321,456708/01/06,CDG,2135,2135,NCE,2230,2230,0,45,0,0,0,0
A321#1,A321,456808/01/06,NCE,2275,2275,CDG,2370,2370,0,45,0,0,0,0
A321#1,A321,457108/01/06,CDG,2485,2485,NCE,2580,2580,0,45,0,0,0,0
A321#1,A321,457208/01/06,NCE,2630,2630,ORY,2715,2715,0,45,0,0,0,0
A320#9,A320,296907/01/06,ORY,410,410,TLS,480,480,0,40,0,0,0,0
A320#9,A320,297607/01/06,TLS,520,580,ORY,600,660,0,40,0,0,0,0
A320#9,A320,298107/01/06,ORY,650,770,TLS,720,840,0,40,0,0,0,0
A320#9,A320,298607/01/06,TLS,760,940,ORY,840,1020,0,40,0,0,0,0
A320#9,A320,299107/01/06,ORY,890,1070,TLS,960,1140,0,40,0,0,0,0
A320#9,A320,300007/01/06,TLS,1000,1420,ORY,1080,1500,0,40,0,0,0,0
A320#9,A320,300707/01/06,ORY,1130,1550,TLS,1200,1620,0,40,0,0,0,0
A320#9,A320,297008/01/06,TLS,1840,1840,ORY,1920,1920,0,40,0,0,0,0
A320#9,A320,297508/01/06,ORY,1970,1970,TLS,2040,2040,0,40,0,0,0,0
A320#9,A320,298208/01/06,TLS,2080,2080,ORY,2160,2160,0,40,0,0,0,0
A320#9,A320,298508/01/06,ORY,2210,2210,TLS,2280,2280,0,40,0,0,0,0
A320#9,A320,299208/01/06,TLS,2320,2320,ORY,2400,2400,0,40,0,0,0,0
A320#9,A320,299908/01/06,ORY,2450,2450,TLS,2520,2520,0,40,0,0,0,0
A320#9,A320,300808/01/06,TLS,2560,2560,ORY,2640,2640,0,40,0,0,0,0
A320#8,A320,296507/01/06,ORY,350,350,TLS,420,420,0,40,0,0,0,0
A320#8,A320,297407/01/06,TLS,460,460,ORY,540,540,0,40,0,0,0,0
A320#8,A320,297707/01/06,ORY,590,650,TLS,660,720,0,40,0,0,0,0
A320#8,A320,298407/01/06,TLS,700,820,ORY,780,900,0,40,0,0,0,0
A320#8,A320,298907/01/06,ORY,830,950,TLS,900,1020,0,40,0,0,0,0
A320#8,A320,299607/01/06,TLS,940,1060,ORY,1020,1140,0,40,0,0,0,0
A320#8,A320,300307/01/06,ORY,1070,1190,TLS,1140,1260,0,40,0,0,0,0
A320#8,A320,296608/01/06,TLS,1780,1780,ORY,1860,1860,0,40,0,0,0,0
A320#8,A320,297308/01/06,ORY,1910,1910,TLS,1980,1980,0,40,0,0,0,0
A320#8,A320,298008/01/06,TLS,2020,2020,ORY,2100,2100,0,40,0,0,0,0
A320#8,A320,298308/01/06,ORY,2150,2150,TLS,2220,2220,0,40,0,0,0,0
A320#8,A320,298808/01/06,TLS,2260,2260,ORY,2340,2340,0,40,0,0,0,0
A320#8,A320,299508/01/06,ORY,2390,2390,TLS,2460,2460,0,40,0,0,0,0
A320#8,A320,300408/01/06,TLS,2500,2500,ORY,2580,2580,0,40,0,0,0,0
A320#8,A320,301108/01/06,ORY,2630,2630,TLS,2700,2700,0,40,0,0,0,0
A320#7,A320,296607/01/06,TLS,340,340,ORY,420,420,0,40,0,0,0,0
A320#7,A320,297307/01/06,ORY,470,470,TLS,540,540,0,40,0,0,0,0
A320#7,A320,298007/01/06,TLS,580,580,ORY,660,660,0,40,0,0,0,0
A320#7,A320,298307/01/06,ORY,710,830,TLS,780,900,0,40,0,0,0,0
A320#7,A320,298807/01/06,TLS,820,1000,ORY,900,1080,0,40,0,0,0,0
A320#7,A320,299507/01/06,ORY,950,1130,TLS,1020,1200,0,40,0,0,0,0
A320#7,A320,300407/01/06,TLS,1060,1480,ORY,1140,1560,0,40,0,0,0,0
A320#7,A320,301107/01/06,ORY,1190,1610,TLS,1260,1680,0,40,0,0,0,0
A320#7,A320,297808/01/06,TLS,1930,1930,ORY,2010,2010,0,40,0,0,0,0
A320#7,A320,434508/01/06,ORY,2085,2085,BIQ,2160,2160,0,40,0,0,0,0
A320#7,A320,434808/01/06,BIQ,2210,2210,ORY,2290,2290,0,40,0,0,0,0
A320#7,A320,435108/01/06,ORY,2395,2395,BIQ,2470,2470,0,40,0,0,0,0
A320#7,A320,435408/01/06,BIQ,2520,2520,ORY,2600,2600,0,40,0,0,0,0
A320#7,A320,434208/01/06,ORY,2645,2645,BIQ,2720,2720,0,40,0,0,0,0
A320#6,A320,458407/01/06,NTE,335,335,CDG,400,400,0,40,0,0,0,0
A320#6,A320,458307/01/06,CDG,485,485,NTE,550,550,0,40,0,0,0,0
A320#6,A320,458807/01/06,NTE,600,600,CDG,665,665,0,40,0,0,0,0
A320#6,A320,458707/01/06,CDG,705,705,NTE,770,770,0,40,0,0,0,0
A320#6,A320,459007/01/06,NTE,815,1415,CDG,880,1480,0,40,0,0,0,0
A320#6,A320,459307/01/06,CDG,975,1575,NTE,1040,1640,0,40,0,0,0,0
A320#6,A320,459407/01/06,NTE,1085,1085,CDG,1150,1150,0,40,0,0,0,0
A320#6,A320,459107/01/06,CDG,1200,1200,NTE,1265,1265,0,40,0,0,0,0
A320#6,A320,458408/01/06,NTE,1775,1775,CDG,1840,1840,0,40,0,0,0,0
A320#6,A320,458308/01/06,CDG,1925,1925,NTE,1990,1990,0,40,0,0,0,0
A320#6,A320,458808/01/06,NTE,2040,2040,CDG,2105,2105,0,40,0,0,0,0
A320#6,A320,458708/01/06,CDG,2145,2145,NTE,2210,2210,0,40,0,0,0,0
A320#6,A320,459008/01/06,NTE,2255,2255,CDG,2320,2320,0,40,0,0,0,0
A320#6,A320,459308/01/06,CDG,2415,2415,NTE,2480,2480,0,40,0,0,0,0
A320#6,A320,459408/01/06,NTE,2525,2525,CDG,2590,2590,0,40,0,0,0,0
A320#6,A320,459108/01/06,CDG,2640,2640,NTE,2705,2705,0,40,0,0,0,0
A320#5,A320,287207/01/06,MRS,390,390,ORY,470,470,0,40,0,0,0,0
A320#5,A320,287907/01/06,ORY,515,515,MRS,590,590,0,40,0,0,0,0
A320#5,A320,288607/01/06,MRS,630,630,ORY,710,710,0,40,0,0,0,0
A320#5,A320,291907/01/06,ORY,755,755,MRS,830,830,0,40,0,0,0,0
A320#5,A320,289607/01/06,MRS,870,870,ORY,950,950,0,40,0,0,0,0
A320#5,A320,289907/01/06,ORY,995,995,MRS,1070,1070,0,40,0,0,0,0
A320#5,A320,291207/01/06,MRS,1110,1110,ORY,1190,1190,0,40,0,0,0,0
A320#5,A320,447508/01/06,ORY,1930,1930,CLY,2025,2025,0,40,0,0,0,0
A320#5,A320,447608/01/06,CLY,2085,2085,ORY,2175,2175,0,40,0,0,0,0
A320#5,A320,309108/01/06,ORY,2220,2220,NCE,2300,2300,0,40,0,0,0,0
A320#5,A320,308408/01/06,NCE,2345,2345,ORY,2430,2430,0,40,0,0,0,0
A320#5,A320,309908/01/06,ORY,2470,2470,NCE,2550,2550,0,40,0,0,0,0
A320#5,A320,309408/01/06,NCE,2605,2605,CFE,2665,2665,0,40,0,0,0,0
A320#4,A320,15207/01/06,MLH,365,365,CDG,440,440,0,40,0,0,0,0
A320#4,A320,14507/01/06,CDG,485,485,MLH,555,555,0,40,0,0,0,0
A320#4,A320,14607/01/06,MLH,595,655,CDG,670,730,0,40,0,0,0,0
A320#4,A320,14707/01/06,CDG,720,900,MLH,790,970,0,40,0,0,0,0
A320#4,A320,14807/01/06,MLH,830,1430,CDG,905,1505,0,40,0,0,0,0
A320#4,A320,14907/01/06,CDG,945,1545,MLH,1015,1615,0,40,0,0,0,0
A320#4,A320,15007/01/06,MLH,1055,1055,CDG,1130,1130,0,40,0,0,0,0
A320#4,A320,15107/01/06,CDG,1195,1195,MLH,1265,1265,0,40,0,0,0,0
A320#4,A320,419408/01/06,MLH,1770,1770,ORY,1840,1840,0,40,0,0,0,0
A320#4,A320,419508/01/06,ORY,1935,1935,MLH,1995,1995,0,40,0,0,0,0
A320#4,A320,420008/01/06,MLH,2045,2045,ORY,2115,2115,0,40,0,0,0,0
A320#4,A320,419708/01/06,ORY,2170,2170,MLH,2230,2230,0,40,0,0,0,0
A320#4,A320,420208/01/06,MLH,2275,2275,ORY,2345,2345,0,40,0,0,0,0
A320#4,A320,420308/01/06,ORY,2565,2565,MLH,2625,2625,0,40,0,0,0,0
A320#3,A320,137407/01/06,BIA,355,355,ORY,450,450,0,40,0,0,0,0
A320#3,A320,137907/01/06,ORY,510,510,BIA,605,605,0,40,0,0,0,0
A320#3,A320,137807/01/06,BIA,660,660,ORY,755,755,0,40,0,0,0,0
A320#3,A320,137507/01/06,ORY,805,805,BIA,900,900,0,40,0,0,0,0
A320#3,A320,138007/01/06,BIA,950,950,ORY,1045,1045,0,40,0,0,0,0
A320#3,A320,137707/01/06,ORY,1140,1140,BIA,1235,1235,0,40,0,0,0,0
A320#3,A320,137408/01/06,BIA,1795,1795,ORY,1890,1890,0,40,0,0,0,0
A320#3,A320,137908/01/06,ORY,1950,1950,BIA,2045,2045,0,40,0,0,0,0
A320#3,A320,137808/01/06,BIA,2100,2100,ORY,2195,2195,0,40,0,0,0,0
A320#3,A320,137508/01/06,ORY,2245,2245,BIA,2340,2340,0,40,0,0,0,0
A320#3,A320,138008/01/06,BIA,2390,2390,ORY,2485,2485,0,40,0,0,0,0
A320#3,A320,137708/01/06,ORY,2580,2580,BIA,2675,2675,0,40,0,0,0,0
A320#24,A320,457407/01/06,NCE,385,385,CDG,480,480,0,40,0,-1,0,1
A320#24,A320,456507/01/06,CDG,575,575,NCE,670,670,0,40,0,-1,0,1
A320#24,A320,456607/01/06,NCE,720,720,CDG,815,815,0,40,0,-1,0,1
A320#24,A320,456907/01/06,CDG,880,880,NCE,975,975,0,40,0,-1,0,1
A320#24,A320,310607/01/06,NCE,1025,1025,ORY,1110,1110,0,40,0,-1,0,1
A320#24,A320,307107/01/06,ORY,1160,1160,MRS,1235,1235,0,40,0,-1,0,1
A320#24,A320,286608/01/06,MRS,1770,1770,ORY,1850,1850,0,40,0,-1,0,1
A320#24,A320,287308/01/06,ORY,1895,1895,MRS,1970,1970,0,40,0,-1,0,1
A320#24,A320,287408/01/06,MRS,2280,2280,ORY,2360,2360,0,40,0,-1,0,1
A320#24,A320,290708/01/06,ORY,2555,2555,MRS,2630,2630,0,40,0,-1,0,1
A320#24,A320,517508/01/06,NCE,2641,2641,CDG,2736,2736,0,40,0,0,1,0
A320#24,A320,517608/01/06,CDG,2776,2776,NCE,2871,2871,0,40,0,0,1,0
A320#24,A320,517709/01/06,NCE,2911,2911,CDG,3006,3006,0,40,0,0,1,0
A320#23,A320,286607/01/06,MRS,330,450,ORY,410,530,0,40,0,0,0,0
A320#23,A320,287307/01/06,ORY,455,575,MRS,530,650,0,40,0,0,0,0
A320#23,A320,287407/01/06,MRS,840,840,ORY,920,920,0,40,0,0,0,0
A320#23,A320,290707/01/06,ORY,1115,1115,MRS,1190,1190,0,40,0,0,0,0
A320#23,A320,287208/01/06,MRS,1830,1830,ORY,1910,1910,0,40,0,0,0,0
A320#23,A320,287908/01/06,ORY,1955,1955,MRS,2030,2030,0,40,0,0,0,0
A320#23,A320,288608/01/06,MRS,2070,2070,ORY,2150,2150,0,40,0,0,0,0
A320#23,A320,291908/01/06,ORY,2195,2195,MRS,2270,2270,0,40,0,0,0,0
A320#23,A320,289608/01/06,MRS,2310,2310,ORY,2390,2390,0,40,0,0,0,0
A320#23,A320,289908/01/06,ORY,2435,2435,MRS,2510,2510,0,40,0,0,0,0
A320#23,A320,291208/01/06,MRS,2550,2550,ORY,2630,2630,0,40,0,0,0,0
A320#22,A320,457607/01/06,NCE,340,340,CDG,435,435,0,40,0,0,0,0
A320#22,A320,455107/01/06,CDG,490,1210,MPL,575,1295,0,40,0,0,0,0
A320#22,A320,455207/01/06,MPL,630,1410,CDG,720,1500,0,40,0,0,0,0
A320#22,A320,457707/01/06,CDG,770,770,NCE,805,805,0,40,0,0,0,0
A320#22,A320,457807/01/06,NCE,935,935,CDG,1030,1030,0,40,0,0,0,0
A320#22,A320,457507/01/06,CDG,1110,1590,NCE,1205,1685,0,40,0,0,0,0
A320#22,A320,457608/01/06,NCE,1780,1780,CDG,1875,1875,0,40,0,0,0,0
A320#22,A320,455108/01/06,CDG,1930,1930,MPL,2015,2015,0,40,0,0,0,0
A320#22,A320,455208/01/06,MPL,2070,2070,CDG,2160,2160,0,40,0,0,0,0
A320#22,A320,457708/01/06,CDG,2210,2210,NCE,2245,2245,0,40,0,0,0,0
A320#22,A320,457808/01/06,NCE,2375,2375,CDG,2470,2470,0,40,0,0,0,0
A320#22,A320,457508/01/06,CDG,2550,2550,NCE,2645,2645,0,40,0,0,0,0
A320#21,A320,452507/01/06,CDG,570,690,MRS,655,775,0,40,0,0,0,0
A320#21,A320,452807/01/06,MRS,725,1025,CDG,815,1115,0,40,0,0,0,0
A320#21,A320,452907/01/06,CDG,875,1175,MRS,960,1260,0,40,0,0,0,0
A320#21,A320,287007/01/06,MRS,1020,1380,ORY,1100,1460,0,40,0,0,0,0
A320#21,A320,286707/01/06,ORY,1150,1510,MRS,1225,1585,0,40,0,0,0,0
A320#21,A320,452608/01/06,MRS,2030,2030,CDG,2120,2120,0,40,0,0,0,0
A320#21,A320,468408/01/06,MRS,1775,1775,LYS,1835,1835,0,40,0,0,0,1
A320#21,A320,468508/01/06,LYS,1890,1890,MRS,1950,1950,0,40,0,0,0,1
A320#21,A320,453308/01/06,CDG,2660,2660,MRS,2745,2745,0,40,0,0,0,0
A320#21,A320,453607/01/06,MRS,2785,2785,CDG,2875,2875,0,40,0,0,0,0
A320#21,A320,517807/01/06,MRS,330,330,CDG,420,420,0,40,0,0,1,0
A320#20,A320,472607/01/06,LYS,475,1135,NTE,550,1210,0,40,0,0,0,0
A320#20,A320,472507/01/06,NTE,610,1450,LYS,685,1525,0,40,0,0,0,0
A320#20,A320,470507/01/06,LYS,900,1680,TLS,965,1745,0,40,0,0,0,0
A320#20,A320,470607/01/06,TLS,1015,1795,LYS,1075,1855,0,40,0,0,0,0
A320#20,A320,473007/01/06,LYS,1125,1905,NTE,1200,1980,0,40,0,0,0,0
A320#20,A320,472508/01/06,NTE,2050,2050,LYS,2125,2125,0,40,0,0,0,0
A320#20,A320,472308/01/06,NTE,1785,1785,LYS,1860,1860,0,40,0,0,0,1
A320#20,A320,472608/01/06,LYS,1915,2215,NTE,1990,2290,0,40,0,0,0,0
A320#20,A320,472307/01/06,NTE,2680,2680,LYS,2755,2755,0,40,0,0,0,0
A320#20,A320,470508/01/06,LYS,2340,2820,TLS,2405,2885,0,40,0,0,0,0
A320#20,A320,470608/01/06,TLS,2455,2935,LYS,2515,2995,0,40,0,0,0,0
A320#20,A320,473008/01/06,LYS,2565,3045,NTE,2640,3120,0,40,0,0,0,0
A320#20,A320,517907/01/06,NTE,705,705,LYS,780,780,0,40,0,0,1,0
A320#2,A320,136407/01/06,AJA,355,355,ORY,455,455,0,40,0,0,0,0
A320#2,A320,136307/01/06,ORY,505,505,AJA,605,605,0,40,0,0,0,0
A320#2,A320,443507/01/06,AJA,880,880,ORY,980,980,0,40,0,0,0,0
A320#2,A320,443607/01/06,ORY,1030,1030,AJA,1130,1130,0,40,0,0,0,0
A320#2,A320,136408/01/06,AJA,1795,1795,ORY,1895,1895,0,40,0,0,0,0
A320#2,A320,136308/01/06,ORY,1945,1945,AJA,2045,2045,0,40,0,0,0,0
A320#2,A320,443508/01/06,AJA,2320,2320,ORY,2420,2420,0,40,0,0,0,0
A320#2,A320,443608/01/06,ORY,2470,2470,AJA,2570,2570,0,40,0,0,0,0
A320#19,A320,462307/01/06,ORY,395,395,SXB,455,455,0,40,0,0,0,0
A320#19,A320,462607/01/06,SXB,575,575,CDG,645,645,0,40,0,0,0,0
A320#19,A320,462507/01/06,CDG,700,880,SXB,770,950,0,40,0,0,0,0
A320#19,A320,463407/01/06,SXB,850,1390,CDG,920,1460,0,40,0,0,0,0
A320#19,A320,462907/01/06,CDG,990,1530,SXB,1060,1600,0,40,0,0,0,0
A320#19,A320,463007/01/06,SXB,1105,1645,CDG,1175,1715,0,40,0,0,0,0
A320#19,A320,464707/01/06,CDG,1230,1770,TLS,1315,1855,0,40,0,0,0,0
A320#19,A320,296808/01/06,TLS,1810,1930,ORY,1890,2010,0,40,0,0,0,0
A320#19,A320,426908/01/06,ORY,2010,2070,LYS,2075,2135,0,40,0,0,0,0
A320#19,A320,427008/01/06,LYS,2120,2180,ORY,2185,2245,0,40,0,0,0,0
A320#19,A320,427108/01/06,ORY,2260,2320,LYS,2325,2385,0,40,0,0,0,0
A320#19,A320,427608/01/06,LYS,2410,2470,ORY,2475,2535,0,40,0,0,0,0
A320#19,A320,296708/01/06,ORY,2545,2605,TLS,2625,2685,0,40,0,0,0,0
A320#18,A320,312107/01/06,ORY,610,610,BOD,675,675,0,40,0,0,0,0
A320#18,A320,466807/01/06,BOD,765,765,LYS,835,835,0,40,0,0,0,0
A320#18,A320,466907/01/06,LYS,895,895,BOD,960,960,0,40,0,0,0,0
A320#18,A320,466407/01/06,BOD,1015,1015,LYS,1085,1085,0,40,0,0,0,0
A320#18,A320,466507/01/06,LYS,1140,1140,BOD,1205,1205,0,40,0,0,0,0
A320#18,A320,312208/01/06,BOD,1920,1920,ORY,1990,1990,0,40,0,0,0,0
A320#18,A320,312108/01/06,ORY,2050,2050,BOD,2115,2115,0,40,0,0,0,0
A320#18,A320,466808/01/06,BOD,2205,2205,LYS,2275,2275,0,40,0,0,0,0
A320#18,A320,466908/01/06,LYS,2335,2335,BOD,2400,2400,0,40,0,0,0,0
A320#18,A320,466408/01/06,BOD,2455,2455,LYS,2525,2525,0,40,0,0,0,0
A320#18,A320,466508/01/06,LYS,2580,2580,BOD,2645,2645,0,40,0,0,0,0
A320#18,A320,312207/01/06,BOD,2685,2685,ORY,2755,2755,0,40,0,0,0,0
A320#18,A320,518007/01/06,BOD,350,350,ORY,420,420,0,40,0,0,1,0
A320#17,A320,287707/01/06,ORY,575,755,MRS,650,830,0,40,0,0,0,0
A320#17,A320,288807/01/06,MRS,690,930,ORY,770,1010,0,40,0,0,0,0
A320#17,A320,288907/01/06,ORY,815,1055,MRS,890,1130,0,40,0,0,0,0
A320#17,A320,290007/01/06,MRS,930,1170,ORY,1010,1250,0,40,0,0,0,0
A320#17,A320,290307/01/06,ORY,1055,1415,MRS,1130,1490,0,40,0,0,0,0
A320#17,A320,286808/01/06,MRS,1890,1890,ORY,1970,1970,0,40,0,0,0,0
A320#17,A320,287708/01/06,ORY,2015,2015,MRS,2090,2090,0,40,0,0,0,0
A320#17,A320,288808/01/06,MRS,2130,2130,ORY,2210,2210,0,40,0,0,0,0
A320#17,A320,288908/01/06,ORY,2255,2255,MRS,2330,2330,0,40,0,0,0,0
A320#17,A320,290008/01/06,MRS,2370,2370,ORY,2450,2450,0,40,0,0,0,0
A320#17,A320,290308/01/06,ORY,2495,2495,MRS,2570,2570,0,40,0,0,0,0
A320#17,A320,286807/01/06,MRS,2610,2610,ORY,2690,2690,0,40,0,0,0,0
A320#17,A320,518107/01/06,MRS,540,540,ORY,620,620,0,40,0,0,1,0
A320#15,A320,419707/01/06,ORY,730,730,MLH,790,790,0,40,0,0,0,0
A320#15,A320,420207/01/06,MLH,835,835,ORY,905,905,0,40,0,0,0,0
A320#15,A320,419507/01/06,ORY,495,1395,MLH,555,1455,0,40,0,0,0,0
A320#15,A320,420007/01/06,MLH,605,1505,ORY,675,1575,0,40,0,0,0,0
A320#15,A320,420307/01/06,ORY,1125,1665,MLH,1185,1725,0,40,0,0,0,0
A320#15,A320,15208/01/06,MLH,1805,1805,CDG,1880,1880,0,40,0,0,0,0
A320#15,A320,14508/01/06,CDG,1925,1925,MLH,1995,1995,0,40,0,0,0,0
A320#15,A320,14808/01/06,MLH,2270,2270,CDG,2345,2345,0,40,0,0,0,0
A320#15,A320,14608/01/06,MLH,2035,2035,CDG,2110,2110,0,40,0,0,0,1
A320#15,A320,14708/01/06,CDG,2160,2160,MLH,2230,2230,0,40,0,0,0,1
A320#15,A320,14908/01/06,CDG,2385,2385,MLH,2455,2455,0,40,0,0,0,0
A320#15,A320,419407/01/06,MLH,2745,2745,ORY,2815,2815,0,40,0,0,0,0
A320#15,A320,15008/01/06,MLH,2495,2495,CDG,2570,2570,0,40,0,0,0,1
A320#15,A320,15108/01/06,CDG,2635,2635,MLH,2705,2705,0,40,0,0,0,1
A320#15,A320,518207/01/06,MLH,540,540,ORY,610,610,0,40,0,0,1,0
A320#14,A320,259307/01/06,LIG,2735,2735,LYS,2795,2795,0,40,0,0,0,1
A320#14,A320,450807/01/06,LYS,960,960,CDG,1030,1030,0,40,0,0,0,1
A320#14,A320,450707/01/06,CDG,735,1215,LYS,805,1285,0,40,0,0,0,1
A320#14,A320,450407/01/06,LYS,600,1380,CDG,670,1450,0,40,0,0,0,1
A320#14,A320,451107/01/06,CDG,1075,1495,LYS,1145,1565,0,40,0,0,0,1
A320#14,A320,451207/01/06,LYS,1195,1735,LIG,1255,1795,0,40,0,0,0,0
A320#14,A320,259308/01/06,LIG,1775,1835,LYS,1835,1895,0,40,0,0,0,0
A320#14,A320,450408/01/06,LYS,2040,2040,CDG,2110,2110,0,40,0,0,0,0
A320#14,A320,450708/01/06,CDG,2175,2175,LYS,2245,2245,0,40,0,0,0,0
A320#14,A320,450808/01/06,LYS,2400,2400,CDG,2470,2470,0,40,0,0,0,0
A320#14,A320,451108/01/06,CDG,2515,2515,LYS,2585,2585,0,40,0,0,0,0
A320#14,A320,451208/01/06,LYS,2635,2635,LIG,2695,2695,0,40,0,0,0,0
A320#14,A320,518307/01/06,LIG,1380,1380,LYS,1445,1445,0,40,0,0,1,0
A320#13,A320,438907/01/06,ORY,935,935,PGF,1020,1020,0,40,0,0,0,0
A320#13,A320,439007/01/06,PGF,1070,1070,ORY,1155,1155,0,40,0,0,0,0
A320#13,A320,417407/01/06,SXB,815,815,ORY,875,875,0,40,0,0,0,1
A320#13,A320,416707/01/06,ORY,625,1225,SXB,685,1285,0,40,0,0,0,0
A320#13,A320,416808/01/06,SXB,1930,1930,ORY,1990,1990,0,40,0,0,0,0
A320#13,A320,416907/01/06,ORY,1200,2040,SXB,1260,2100,0,40,0,0,0,0
A320#13,A320,417408/01/06,SXB,2255,2255,ORY,2315,2315,0,40,0,0,0,0
A320#13,A320,438908/01/06,ORY,2375,2375,PGF,2460,2460,0,40,0,0,0,0
A320#13,A320,439008/01/06,PGF,2510,2510,ORY,2595,2595,0,40,0,0,0,0
A320#13,A320,416908/01/06,ORY,2640,2640,SXB,2700,2700,0,40,0,0,0,0
A320#13,A320,416807/01/06,SXB,2740,2740,ORY,2800,2800,0,40,0,0,0,0
A320#13,A320,416708/01/06,ORY,2065,2845,SXB,2125,2905,0,40,0,0,0,0
A320#13,A320,518407/01/06,SXB,420,420,ORY,480,480,0,40,0,0,1,0
A320#12,A320,434307/01/06,ORY,475,475,BIQ,550,550,0,40,0,0,0,1
A320#12,A320,434407/01/06,BIQ,350,590,ORY,430,670,0,40,0,0,0,0
A320#12,A320,434707/01/06,ORY,1100,1220,BIQ,1175,1295,0,40,0,0,0,0
A320#12,A320,450207/01/06,BIQ,590,1430,CDG,680,1520,0,40,0,0,0,0
A320#12,A320,450107/01/06,CDG,755,1595,BIQ,840,1680,0,40,0,0,0,0
A320#12,A320,435207/01/06,BIQ,980,1760,ORY,1060,1840,0,40,0,0,0,0
A320#12,A320,435807/01/06,BIQ,1225,1225,ORY,1305,1305,0,40,0,0,0,1
A320#12,A320,296508/01/06,ORY,1790,1910,TLS,1860,1980,0,40,0,0,0,0
A320#12,A320,297408/01/06,TLS,1900,2020,ORY,1980,2100,0,40,0,0,0,0
A320#12,A320,297708/01/06,ORY,2030,2150,TLS,2100,2220,0,40,0,0,0,0
A320#12,A320,298408/01/06,TLS,2140,2260,ORY,2220,2340,0,40,0,0,0,0
A320#12,A320,298908/01/06,ORY,2270,2390,TLS,2340,2460,0,40,0,0,0,0
A320#12,A320,299608/01/06,TLS,2380,2500,ORY,2460,2580,0,40,0,0,0,0
A320#12,A320,300308/01/06,ORY,2510,2630,TLS,2580,2700,0,40,0,0,0,0
A320#11,A320,426907/01/06,ORY,570,1410,LYS,635,1475,0,40,0,0,0,0
A320#11,A320,427007/01/06,LYS,680,1520,ORY,745,1585,0,40,0,0,0,0
A320#11,A320,427107/01/06,ORY,820,1660,LYS,885,1725,0,40,0,0,0,0
A320#11,A320,427607/01/06,LYS,970,1810,ORY,1035,1875,0,40,0,0,0,0
A320#11,A320,296707/01/06,ORY,1105,1945,TLS,1185,2025,0,40,0,0,0,0
A320#11,A320,464808/01/06,TLS,2155,2155,CDG,2245,2245,0,40,0,0,0,0
A320#11,A320,465608/01/06,TLS,1805,1805,CDG,1895,1895,0,40,0,0,0,1
A320#11,A320,464508/01/06,CDG,2010,2310,TLS,2095,2395,0,40,0,0,0,0
A320#11,A320,465208/01/06,TLS,2475,2475,CDG,2565,2565,0,40,0,0,0,0
A320#11,A320,464908/01/06,CDG,2340,2340,TLS,2425,2425,0,40,0,0,0,1
A320#11,A320,465508/01/06,CDG,2605,2605,TLS,2690,2690,0,40,0,0,0,0
A320#11,A320,297007/01/06,TLS,2730,2730,ORY,2810,2810,0,40,0,0,0,0
A320#11,A320,518507/01/06,TLS,600,600,ORY,680,680,0,40,0,0,1,0
A320#10,A320,297507/01/06,ORY,530,530,TLS,600,600,0,40,0,0,0,1
A320#10,A320,300807/01/06,TLS,1120,1540,ORY,1200,1620,0,40,0,0,0,0
A320#10,A320,298207/01/06,TLS,640,640,ORY,720,720,0,40,0,0,0,1
A320#10,A320,298507/01/06,ORY,770,770,TLS,840,840,0,40,0,0,0,1
A320#10,A320,299207/01/06,TLS,880,880,ORY,960,960,0,40,0,0,0,1
A320#10,A320,299907/01/06,ORY,1010,1790,TLS,1080,1860,0,40,0,0,0,0
A320#10,A320,297608/01/06,TLS,1960,1960,ORY,2040,2040,0,40,0,0,0,0
A320#10,A320,296908/01/06,ORY,1850,2090,TLS,1920,2160,0,40,0,0,0,0
A320#10,A320,298608/01/06,TLS,2200,2200,ORY,2280,2280,0,40,0,0,0,0
A320#10,A320,299108/01/06,ORY,2330,2330,TLS,2400,2400,0,40,0,0,0,0
A320#10,A320,300008/01/06,TLS,2440,2440,ORY,2520,2520,0,40,0,0,0,0
A320#10,A320,300708/01/06,ORY,2570,2570,TLS,2640,2640,0,40,0,0,0,0
A320#10,A320,296807/01/06,TLS,2680,2680,ORY,2760,2760,0,40,0,0,0,0
A320#10,A320,298108/01/06,ORY,2090,2870,TLS,2160,2940,0,40,0,0,0,0
A320#1,A320,422407/01/06,BES,2770,2770,ORY,2845,2845,0,40,0,0,0,0
A320#1,A320,422507/01/06,ORY,490,1390,BES,560,1460,0,40,0,0,0,0
A320#1,A320,422807/01/06,BES,605,665,ORY,680,740,0,40,0,0,0,0
A320#1,A320,423907/01/06,ORY,880,880,BES,950,950,0,40,0,0,0,0
A320#1,A320,423807/01/06,BES,995,1055,ORY,1070,1130,0,40,0,0,0,0
A320#1,A320,423707/01/06,ORY,1220,1220,BES,1290,1290,0,40,0,0,0,1
A320#1,A320,422408/01/06,BES,1775,1775,ORY,1850,1850,0,40,0,0,0,0
A320#1,A320,422508/01/06,ORY,1930,1930,BES,2000,2000,0,40,0,0,0,0
A320#1,A320,422808/01/06,BES,2045,2045,ORY,2120,2120,0,40,0,0,0,0
A320#1,A320,423908/01/06,ORY,2320,2320,BES,2390,2390,0,40,0,0,0,0
A320#1,A320,423808/01/06,BES,2435,2435,ORY,2510,2510,0,40,0,0,0,0
A320#1,A320,423708/01/06,ORY,2660,2660,BES,2730,2730,0,40,0,0,0,0
A319#9,A319,447507/01/06,ORY,490,490,CLY,585,585,0,35,0,0,0,0
A319#9,A319,447607/01/06,CLY,645,645,ORY,735,735,0,35,0,0,0,1
A319#9,A319,309107/01/06,ORY,780,780,NCE,860,860,0,35,0,0,0,1
A319#9,A319,308407/01/06,NCE,905,905,ORY,990,990,0,35,0,0,0,1
A319#9,A319,309907/01/06,ORY,1030,1030,NCE,1110,1110,0,35,0,0,0,1
A319#9,A319,309407/01/06,NCE,1165,1165,CFE,1225,1225,0,35,0,0,0,1
A319#9,A319,452208/01/06,CFE,1775,1775,CDG,1840,1840,0,35,0,0,0,1
A319#9,A319,451708/01/06,CDG,1875,1875,CFE,1935,1935,0,35,0,0,0,1
A319#9,A319,451808/01/06,CFE,1975,1975,CDG,2040,2040,0,35,0,0,0,1
A319#9,A319,258408/01/06,CDG,2190,2190,RNS,2255,2255,0,35,0,0,0,1
A319#9,A319,258508/01/06,RNS,2335,2335,CDG,2395,2395,0,35,0,0,0,1
A319#9,A319,464108/01/06,CDG,2480,2480,PUF,2570,2570,0,35,0,0,0,1
A319#9,A319,464208/01/06,PUF,2610,2610,CDG,2700,2700,0,35,0,0,0,1
A319#8,A319,416407/01/06,SXB,2700,2700,ORY,2760,2760,0,35,0,0,0,1
A319#8,A319,289207/01/06,MRS,810,810,ORY,890,890,0,35,0,0,0,1
A319#8,A319,289507/01/06,ORY,935,1175,MRS,1010,1250,0,35,0,0,0,0
A319#8,A319,290807/01/06,MRS,1050,1470,ORY,1130,1550,0,35,0,0,0,0
A319#8,A319,288307/01/06,ORY,695,1595,MRS,770,1670,0,35,0,0,0,0
A319#8,A319,418907/01/06,ORY,1165,1165,SXB,1225,1225,0,35,0,0,0,1
A319#8,A319,416408/01/06,SXB,1860,1860,ORY,1920,1920,0,35,0,0,0,1
A319#8,A319,289208/01/06,MRS,2250,2250,ORY,2330,2330,0,35,0,0,0,0
A319#8,A319,288308/01/06,ORY,2135,2375,MRS,2210,2450,0,35,0,0,0,0
A319#8,A319,289508/01/06,ORY,2375,2375,MRS,2450,2450,0,35,0,0,0,1
A319#8,A319,290808/01/06,MRS,2490,2490,ORY,2570,2570,0,35,0,0,0,0
A319#8,A319,418908/01/06,ORY,2605,2605,SXB,2665,2665,0,35,0,0,0,0
A319#8,A319,518607/01/06,SXB,840,840,ORY,900,900,0,35,0,0,1,0
A319#5,A319,437507/01/06,ORY,385,385,TLN,470,470,0,35,0,0,0,0
A319#5,A319,437607/01/06,TLN,515,875,ORY,605,965,0,35,0,0,0,0
A319#5,A319,311107/01/06,ORY,690,1050,NCE,770,1130,0,35,0,0,0,0
A319#5,A319,311207/01/06,NCE,815,1175,ORY,900,1260,0,35,0,0,0,0
A319#5,A319,436507/01/06,ORY,935,1715,TLN,1015,1795,0,35,0,0,0,0
A319#5,A319,436807/01/06,TLN,1055,1835,ORY,1140,1920,0,35,0,0,0,0
A319#5,A319,437508/01/06,ORY,1825,2005,TLN,1910,2090,0,35,0,0,0,0
A319#5,A319,437608/01/06,TLN,1955,2135,ORY,2045,2225,0,35,0,0,0,0
A319#5,A319,311108/01/06,ORY,2130,2310,NCE,2210,2390,0,35,0,0,0,0
A319#5,A319,311208/01/06,NCE,2255,2435,ORY,2340,2520,0,35,0,0,0,0
A319#5,A319,436508/01/06,ORY,2375,2555,TLN,2455,2635,0,35,0,0,0,0
A319#5,A319,436808/01/06,TLN,2495,2735,ORY,2580,2820,0,35,0,0,0,0
A319#4,A319,464307/01/06,CDG,375,375,TLS,460,460,0,35,0,0,0,1
A319#4,A319,297207/01/06,TLS,550,550,ORY,630,630,0,35,0,0,0,1
A319#4,A319,443107/01/06,ORY,700,700,AJA,800,800,0,35,0,0,0,1
A319#4,A319,443207/01/06,AJA,875,1415,ORY,975,1515,0,35,0,0,0,1
A319#4,A319,443707/01/06,ORY,1020,1680,AJA,1120,1780,0,35,0,0,0,0
A319#4,A319,443407/01/06,AJA,1170,1830,ORY,1270,1930,0,35,0,0,0,0
A319#4,A319,462308/01/06,ORY,1835,2015,SXB,1895,2075,0,35,0,0,0,0
A319#4,A319,462608/01/06,SXB,2015,2135,CDG,2085,2205,0,35,0,0,0,0
A319#4,A319,462508/01/06,CDG,2140,2260,SXB,2210,2330,0,35,0,0,0,0
A319#4,A319,463408/01/06,SXB,2290,2470,CDG,2360,2540,0,35,0,0,0,0
A319#4,A319,462908/01/06,CDG,2430,2610,SXB,2500,2680,0,35,0,0,0,0
A319#4,A319,463008/01/06,SXB,2545,2785,CDG,2615,2855,0,35,0,0,0,0
A319#4,A319,464708/01/06,CDG,2670,2970,TLS,2755,3055,0,35,0,0,0,0
A319#4,A319,519507/01/06,CDG,840,840,ORY,875,875,0,35,0,0,1,0
A319#2,A319,431507/01/06,ORY,480,960,PUF,555,1035,0,35,0,0,0,1
A319#2,A319,432007/01/06,PUF,610,1390,ORY,690,1470,0,35,0,0,0,0
A319#2,A319,431707/01/06,ORY,725,1505,PUF,800,1580,0,35,0,0,0,0
A319#2,A319,432207/01/06,PUF,850,1630,ORY,930,1710,0,35,0,0,0,0
A319#2,A319,431907/01/06,ORY,980,1760,PUF,1055,1835,0,35,0,0,0,0
A319#2,A319,431408/01/06,PUF,1780,1900,ORY,1860,1980,0,35,0,0,0,0
A319#2,A319,432407/01/06,PUF,1110,1110,ORY,1190,1190,0,35,0,0,0,1
A319#2,A319,432107/01/06,ORY,1225,2065,PUF,1300,2140,0,35,0,0,0,0
A319#2,A319,432008/01/06,PUF,2050,2230,ORY,2130,2310,0,35,0,0,0,0
A319#2,A319,431508/01/06,ORY,1920,2400,PUF,1995,2475,0,35,0,0,0,0
A319#2,A319,432408/01/06,PUF,2550,2550,ORY,2630,2630,0,35,0,0,0,0
A319#2,A319,432108/01/06,ORY,2665,2665,PUF,2740,2740,0,35,0,0,0,0
A319#2,A319,432208/01/06,PUF,2290,2290,ORY,2370,2370,0,35,0,0,0,1
A319#2,A319,431908/01/06,ORY,2420,2420,PUF,2495,2495,0,35,0,0,0,1
A319#2,A319,431407/01/06,PUF,2775,2775,ORY,2855,2855,0,35,0,0,0,0
A319#2,A319,431708/01/06,ORY,2165,2945,PUF,2240,3020,0,35,0,0,0,0
A319#18,A319,451407/01/06,LYS,2775,2775,CDG,2845,2845,0,35,0,0,0,0
A319#18,A319,450307/01/06,CDG,510,1230,LYS,580,1300,0,35,0,0,0,0
A319#18,A319,451607/01/06,LYS,655,1435,CDG,725,1505,0,35,0,0,0,0
A319#18,A319,450907/01/06,CDG,790,1570,LYS,860,1640,0,35,0,0,0,0
A319#18,A319,451007/01/06,LYS,975,975,CDG,1045,1045,0,35,0,0,0,0
A319#18,A319,451307/01/06,CDG,1230,1230,LYS,1300,1300,0,35,0,0,0,1
A319#18,A319,451408/01/06,LYS,1825,1825,CDG,1895,1895,0,35,0,0,0,0
A319#18,A319,450308/01/06,CDG,1950,1950,LYS,2020,2020,0,35,0,0,0,0
A319#18,A319,451608/01/06,LYS,2095,2095,CDG,2165,2165,0,35,0,0,0,0
A319#18,A319,450908/01/06,CDG,2230,2230,LYS,2300,2300,0,35,0,0,0,0
A319#18,A319,451008/01/06,LYS,2415,2415,CDG,2485,2485,0,35,0,0,0,0
A319#18,A319,451308/01/06,CDG,2670,2670,LYS,2740,2740,0,35,0,0,0,0
A319#17,A319,452407/01/06,MRS,545,725,CDG,635,815,0,35,0,0,0,1
A319#17,A319,452707/01/06,CDG,695,1415,MRS,780,1500,0,35,0,0,0,0
A319#17,A319,453007/01/06,MRS,920,1580,CDG,1010,1670,0,35,0,0,0,0
A319#17,A319,453107/01/06,CDG,1055,1715,MRS,1140,1800,0,35,0,0,0,0
A319#17,A319,453407/01/06,MRS,1185,1845,CDG,1275,1935,0,35,0,0,0,0
A319#17,A319,452708/01/06,CDG,2135,2135,MRS,2220,2220,0,35,0,0,0,0
A319#17,A319,452308/01/06,CDG,1815,1815,MRS,1900,1900,0,35,0,0,0,1
A319#17,A319,452408/01/06,MRS,1985,2285,CDG,2075,2375,0,35,0,0,0,0
A319#17,A319,453108/01/06,CDG,2495,2495,MRS,2580,2580,0,35,0,0,0,0
A319#17,A319,453408/01/06,MRS,2625,2625,CDG,2715,2715,0,35,0,0,0,0
A319#17,A319,452307/01/06,CDG,2750,2750,MRS,2835,2835,0,35,0,0,0,0
A319#17,A319,453008/01/06,MRS,2360,2900,CDG,2450,2990,0,35,0,0,0,0
A319#15,A319,454707/01/06,CDG,1190,1490,MPL,1275,1575,0,35,0,0,0,0
A319#15,A319,440408/01/06,MPL,1780,1780,ORY,1865,1865,0,35,0,0,0,0
A319#15,A319,440508/01/06,ORY,1905,1905,MPL,1980,1980,0,35,0,0,0,0
A319#15,A319,440808/01/06,MPL,2030,2030,ORY,2110,2110,0,35,0,0,0,0
A319#15,A319,441108/01/06,ORY,2175,2175,MPL,2250,2250,0,35,0,0,0,0
A319#15,A319,441208/01/06,MPL,2300,2300,ORY,2380,2380,0,35,0,0,0,0
A319#15,A319,441508/01/06,ORY,2415,2415,MPL,2490,2490,0,35,0,0,0,0
A319#15,A319,441608/01/06,MPL,2540,2540,ORY,2620,2620,0,35,0,0,0,0
A319#15,A319,442108/01/06,ORY,2655,2655,MPL,2730,2730,0,35,0,0,0,0
A319#15,A319,454407/01/06,MPL,2765,2765,CDG,2855,2855,0,35,0,0,0,0
A319#15,A319,519607/01/06,MPL,690,690,CDG,780,780,0,35,0,0,1,0
A319#11,A319,308607/01/06,NCE,755,755,ORY,840,840,0,35,0,0,0,0
A319#11,A319,309707/01/06,ORY,635,875,NCE,715,955,0,35,0,0,0,0
A319#11,A319,310807/01/06,NCE,515,995,ORY,600,1080,0,35,0,0,0,0
A319#11,A319,416508/01/06,ORY,1920,1920,SXB,1980,1980,0,35,0,0,0,0
A319#11,A319,312707/01/06,ORY,910,910,BOD,975,975,0,35,0,0,0,1
A319#11,A319,313407/01/06,BOD,1025,1025,ORY,1095,1095,0,35,0,0,0,1
A319#11,A319,417008/01/06,SXB,2050,2050,ORY,2110,2110,0,35,0,0,0,0
A319#11,A319,310707/01/06,ORY,2555,2555,NCE,2635,2635,0,35,0,0,0,0
A319#11,A319,417108/01/06,ORY,2305,2305,SXB,2365,2365,0,35,0,0,0,1
A319#11,A319,418008/01/06,SXB,2460,2460,ORY,2520,2520,0,35,0,0,0,1
A319#11,A319,519707/01/06,ORY,420,420,NCE,505,505,0,35,0,0,1,0
A319#10,A319,465607/01/06,TLS,365,365,CDG,455,455,0,35,0,0,0,1
A319#10,A319,464507/01/06,CDG,570,570,TLS,655,655,0,35,0,0,0,1
A319#10,A319,464807/01/06,TLS,715,715,CDG,805,805,0,35,0,0,0,1
A319#10,A319,464907/01/06,CDG,900,900,TLS,985,985,0,35,0,0,0,1
A319#10,A319,465207/01/06,TLS,1035,1635,CDG,1125,1725,0,35,0,0,0,0
A319#10,A319,465507/01/06,CDG,1165,1825,TLS,1250,1910,0,35,0,0,0,0
A319#10,A319,470408/01/06,TLS,1790,1970,LYS,1850,2030,0,35,0,0,0,0
A319#10,A319,470308/01/06,LYS,1905,2085,TLS,1970,2150,0,35,0,0,0,0
A319#10,A319,465808/01/06,TLS,2015,2195,CDG,2105,2285,0,35,0,0,0,0
A319#10,A319,465708/01/06,CDG,2155,2335,TLS,2240,2420,0,35,0,0,0,0
A319#10,A319,465008/01/06,TLS,2340,2520,CDG,2430,2610,0,35,0,0,0,0
A319#10,A319,465108/01/06,CDG,2485,2665,TLS,2570,2750,0,35,0,0,0,0
A319#10,A319,465408/01/06,TLS,2625,2805,CDG,2715,2895,0,35,0,0,0,0
A319#1,A319,460007/01/06,BES,2750,2810,CDG,2830,2890,0,35,0,0,0,0
A319#1,A319,459907/01/06,CDG,570,1470,BES,645,1545,0,35,0,0,0,0
A319#1,A319,460207/01/06,BES,735,735,CDG,815,815,0,35,0,0,0,0
A319#1,A319,460107/01/06,CDG,885,1785,BES,960,1860,0,35,0,0,0,0
A319#1,A319,459607/01/06,BES,1020,1620,CDG,1100,1700,0,35,0,0,0,0
A319#1,A319,459507/01/06,CDG,1200,1200,BES,1275,1275,0,35,0,0,0,1
A319#1,A319,460008/01/06,BES,1765,1945,CDG,1845,2025,0,35,0,0,0,0
A319#1,A319,459908/01/06,CDG,2010,2070,BES,2085,2145,0,35,0,0,0,0
A319#1,A319,460208/01/06,BES,2175,2235,CDG,2255,2315,0,35,0,0,0,0
A319#1,A319,460108/01/06,CDG,2325,2385,BES,2400,2460,0,35,0,0,0,0
A319#1,A319,459608/01/06,BES,2460,2520,CDG,2540,2600,0,35,0,0,0,0
A319#1,A319,459508/01/06,CDG,2640,2640,BES,2715,2715,0,35,0,0,0,0
A318#8,A318,310307/01/06,ORY,2520,2580,NCE,2600,2660,0,30,0,0,0,0
A318#8,A318,306807/01/06,NCE,485,1025,ORY,570,1110,0,30,0,0,0,0
A318#8,A318,307307/01/06,ORY,600,660,NCE,680,740,0,30,0,0,0,0
A318#8,A318,308807/01/06,NCE,725,1565,ORY,810,1650,0,30,0,0,0,0
A318#8,A318,308107/01/06,ORY,840,1440,NCE,920,1520,0,30,0,0,0,0
A318#8,A318,310207/01/06,NCE,965,965,ORY,1050,1050,0,30,0,0,0,1
A318#8,A318,310308/01/06,ORY,1800,1800,NCE,1880,1880,0,30,0,0,0,0
A318#8,A318,306808/01/06,NCE,1925,1925,ORY,2010,2010,0,30,0,0,0,0
A318#8,A318,307308/01/06,ORY,2040,2040,NCE,2120,2120,0,30,0,0,0,1
A318#8,A318,308808/01/06,NCE,2165,2765,ORY,2250,2850,0,30,0,0,0,0
A318#8,A318,308108/01/06,ORY,2280,2280,NCE,2360,2360,0,30,0,0,0,0
A318#8,A318,310208/01/06,NCE,2405,2405,ORY,2490,2490,0,30,0,0,0,0
A318#7,A318,451507/01/06,CDG,515,635,LYS,585,705,0,30,0,0,0,0
A318#7,A318,450607/01/06,LYS,760,1420,CDG,830,1490,0,30,0,0,0,0
A318#7,A318,451907/01/06,CDG,865,1705,CFE,925,1765,0,30,0,0,0,0
A318#7,A318,452007/01/06,CFE,965,1805,CDG,1030,1870,0,30,0,0,0,0
A318#7,A318,449907/01/06,CDG,1225,2005,BIQ,1310,2090,0,30,0,0,0,0
A318#7,A318,449807/01/06,BIQ,2780,2840,CDG,2870,2930,0,30,0,0,0,0
A318#7,A318,449808/01/06,BIQ,1815,1815,CDG,1905,1905,0,30,0,0,0,1
A318#7,A318,451508/01/06,CDG,1955,1955,LYS,2025,2025,0,30,0,0,0,1
A318#7,A318,450608/01/06,LYS,2200,2200,CDG,2270,2270,0,30,0,0,0,1
A318#7,A318,451908/01/06,CDG,2305,2305,CFE,2365,2365,0,30,0,0,0,1
A318#7,A318,452008/01/06,CFE,2405,2405,CDG,2470,2470,0,30,0,0,0,1
A318#7,A318,449908/01/06,CDG,2665,2965,BIQ,2750,3050,0,30,0,0,0,0
A318#7,A318,519807/01/06,BIQ,390,390,CDG,480,480,0,30,0,0,1,0
A318#6,A318,311807/01/06,BOD,370,370,ORY,440,440,0,30,0,0,0,1
A318#6,A318,311907/01/06,ORY,490,490,BOD,555,555,0,30,0,0,0,1
A318#6,A318,312407/01/06,BOD,605,1385,ORY,675,1455,0,30,0,0,0,0
A318#6,A318,312307/01/06,ORY,730,1510,BOD,795,1575,0,30,0,0,0,0
A318#6,A318,312807/01/06,BOD,845,1625,ORY,915,1695,0,30,0,0,0,0
A318#6,A318,313107/01/06,ORY,1045,1765,BOD,1110,1830,0,30,0,0,0,0
A318#6,A318,313807/01/06,BOD,1165,1885,ORY,1235,1955,0,30,0,0,0,0
A318#6,A318,306508/01/06,ORY,1860,2040,NCE,1940,2120,0,30,0,0,0,0
A318#6,A318,307008/01/06,NCE,1985,2165,ORY,2070,2250,0,30,0,0,0,0
A318#6,A318,307508/01/06,ORY,2100,2280,NCE,2180,2360,0,30,0,0,0,0
A318#6,A318,308008/01/06,NCE,2225,2405,ORY,2310,2490,0,30,0,0,0,0
A318#6,A318,309308/01/06,ORY,2580,2580,NCE,2660,2660,0,30,0,0,0,0
A318#6,A318,309008/01/06,NCE,2465,2825,ORY,2550,2910,0,30,0,0,0,0
A318#6,A318,308308/01/06,ORY,2340,2940,NCE,2420,3020,0,30,0,0,0,0
A318#5,A318,306507/01/06,ORY,420,480,NCE,500,560,0,30,0,0,0,0
A318#5,A318,307007/01/06,NCE,545,725,ORY,630,810,0,30,0,0,0,0
A318#5,A318,307507/01/06,ORY,660,1560,NCE,740,1640,0,30,0,0,0,0
A318#5,A318,308007/01/06,NCE,785,1685,ORY,870,1770,0,30,0,0,0,0
A318#5,A318,308307/01/06,ORY,900,960,NCE,980,1040,0,30,0,0,0,0
A318#5,A318,309007/01/06,NCE,1025,1385,ORY,1110,1470,0,30,0,0,0,0
A318#5,A318,309307/01/06,ORY,1140,1800,NCE,1220,1880,0,30,0,0,0,0
A318#5,A318,306408/01/06,NCE,1805,1925,ORY,1890,2010,0,30,0,0,0,0
A318#5,A318,306908/01/06,ORY,1920,2040,NCE,2000,2120,0,30,0,0,0,0
A318#5,A318,307408/01/06,NCE,2045,2165,ORY,2130,2250,0,30,0,0,0,0
A318#5,A318,307708/01/06,ORY,2160,2160,NCE,2240,2240,0,30,0,0,0,1
A318#5,A318,308208/01/06,NCE,2285,2945,ORY,2370,3030,0,30,0,0,0,0
A318#5,A318,308508/01/06,ORY,2400,2400,NCE,2480,2480,0,30,0,0,0,0
A318#5,A318,309208/01/06,NCE,2525,2525,ORY,2610,2610,0,30,0,0,0,0
A318#5,A318,309508/01/06,ORY,2640,2640,NCE,2720,2720,0,30,0,0,0,0
A318#1,A318,429507/01/06,ORY,490,970,CFE,545,1025,0,30,0,0,0,1
A318#1,A318,429608/01/06,CFE,1780,1780,ORY,1835,1835,0,30,0,0,0,0
A318#1,A318,429807/01/06,CFE,590,590,ORY,645,645,0,30,0,0,0,1
A318#1,A318,422907/01/06,ORY,675,675,BES,745,745,0,30,0,0,0,1
A318#1,A318,423207/01/06,BES,785,785,ORY,860,860,0,30,0,0,0,1
A318#1,A318,430107/01/06,ORY,1015,1915,CFE,1070,1970,0,30,0,0,0,0
A318#1,A318,429808/01/06,CFE,2030,2030,ORY,2085,2085,0,30,0,0,0,0
A318#1,A318,429508/01/06,ORY,1930,2170,CFE,1985,2225,0,30,0,0,0,0
A318#1,A318,429607/01/06,CFE,2540,2540,ORY,2595,2595,0,30,0,0,0,0
A318#1,A318,422908/01/06,ORY,2115,2715,BES,2185,2785,0,30,0,0,0,0
A318#1,A318,423208/01/06,BES,2225,2825,ORY,2300,2900,0,30,0,0,0,0
A318#1,A318,430108/01/06,ORY,2455,2455,CFE,2510,2510,0,30,0,0,0,1
A319#12,A319,417007/01/06,SXB,610,910,ORY,670,970,0,35,0,0,0,1
A319#12,A319,417107/01/06,ORY,865,1045,SXB,925,1105,0,35,0,0,0,0
A319#12,A319,418007/01/06,SXB,1020,1440,ORY,1080,1500,0,35,0,0,0,0
A319#12,A319,309708/01/06,ORY,2075,2075,NCE,2155,2155,0,35,0,0,0,0
A319#12,A319,310708/01/06,ORY,1830,1830,NCE,1910,1910,0,35,0,0,0,1
A319#12,A319,310808/01/06,NCE,1955,1955,ORY,2040,2040,0,35,0,0,0,1
A319#12,A319,308608/01/06,NCE,2195,2195,ORY,2280,2280,0,35,0,0,0,0
A319#12,A319,416507/01/06,ORY,2570,2570,SXB,2630,2630,0,35,0,0,0,0
A319#12,A319,312708/01/06,ORY,2350,2350,BOD,2415,2415,0,35,0,0,0,1
A319#12,A319,313408/01/06,BOD,2465,2465,ORY,2535,2535,0,35,0,0,0,1
ERJ145#4,ERJ145,259607/01/06,LYS,900,1740,CFR,975,1815,0,25,0,0,0,1
ERJ145#4,ERJ145,258807/01/06,LYS,460,460,CFR,535,535,0,25,0,0,0,1
ERJ145#4,ERJ145,259507/01/06,CFR,750,750,LYS,820,820,0,25,0,0,0,1
ERJ145#4,ERJ145,258708/01/06,CFR,1765,1885,LYS,1835,1955,0,25,0,0,0,0
ERJ145#4,ERJ145,258808/01/06,LYS,1900,2020,CFR,1975,2095,0,25,0,0,0,0
ERJ145#4,ERJ145,259508/01/06,CFR,2190,2190,LYS,2260,2260,0,25,0,0,0,0
ERJ145#4,ERJ145,259608/01/06,LYS,2340,2340,CFR,2415,2415,0,25,0,0,0,0
ERJ145#4,ERJ145,258707/01/06,CFR,2440,2440,LYS,2510,2510,0,25,0,0,0,0
A319#7,A319,438507/01/06,ORY,445,445,PGF,525,525,0,35,0,0,0,0
A319#7,A319,438607/01/06,PGF,575,875,ORY,660,960,0,35,0,0,0,0
A319#7,A319,438707/01/06,ORY,720,720,PGF,800,800,0,35,0,0,0,1
A319#7,A319,438807/01/06,PGF,845,845,ORY,930,930,0,35,0,0,0,1
A319#7,A319,445907/01/06,ORY,1030,1450,BIA,1125,1545,0,35,0,0,0,0
A319#7,A319,445407/01/06,BIA,1175,1595,ORY,1270,1690,0,35,0,0,0,0
A319#7,A319,438508/01/06,ORY,1885,1885,PGF,1965,1965,0,35,0,0,0,0
A319#7,A319,438608/01/06,PGF,2015,2015,ORY,2100,2100,0,35,0,0,0,0
A319#7,A319,438708/01/06,ORY,2160,2160,PGF,2240,2240,0,35,0,0,0,0
A319#7,A319,438808/01/06,PGF,2285,2285,ORY,2370,2370,0,35,0,0,0,0
A319#7,A319,445908/01/06,ORY,2470,2470,BIA,2565,2565,0,35,0,0,0,0
A319#7,A319,445408/01/06,BIA,2615,2615,ORY,2710,2710,0,35,0,0,0,0
A318#4,A318,306407/01/06,NCE,2395,2395,ORY,2480,2480,0,30,0,0,0,0
A318#4,A318,306907/01/06,ORY,480,480,NCE,560,560,0,30,0,0,0,1
A318#4,A318,307407/01/06,NCE,605,605,ORY,690,690,0,30,0,0,0,1
A318#4,A318,307707/01/06,ORY,720,720,NCE,800,800,0,30,0,0,0,1
A318#4,A318,308207/01/06,NCE,845,1445,ORY,930,1530,0,30,0,0,0,0
A318#4,A318,308507/01/06,ORY,960,1680,NCE,1040,1760,0,30,0,0,0,0
A318#4,A318,309207/01/06,NCE,1085,1805,ORY,1170,1890,0,30,0,0,0,0
A318#4,A318,309507/01/06,ORY,1200,1920,NCE,1280,2000,0,30,0,0,0,0
A318#4,A318,476408/01/06,NCE,1785,2085,BOD,1870,2170,0,30,0,0,0,0
A318#4,A318,476508/01/06,BOD,1905,2205,NCE,1980,2280,0,30,0,0,0,0
A318#4,A318,307608/01/06,NCE,2135,3035,ORY,2220,3120,0,30,0,0,0,0
A318#4,A318,306308/01/06,ORY,2280,2640,NCE,2365,2725,0,30,0,0,0,0
A319#16,A319,468407/01/06,MRS,2700,2700,LYS,2760,2760,0,35,0,0,0,0
A319#16,A319,468507/01/06,LYS,450,450,MRS,510,510,0,35,0,0,0,1
A319#16,A319,452607/01/06,MRS,590,710,CDG,680,800,0,35,0,0,0,0
A319#16,A319,453307/01/06,CDG,1220,1640,MRS,1305,1725,0,35,0,0,0,0
A319#16,A319,453608/01/06,MRS,1835,1835,CDG,1925,1925,0,35,0,0,0,0
A319#16,A319,452508/01/06,CDG,2010,2010,MRS,2095,2095,0,35,0,0,0,0
A319#16,A319,452808/01/06,MRS,2165,2165,CDG,2255,2255,0,35,0,0,0,0
A319#16,A319,452908/01/06,CDG,2315,2315,MRS,2400,2400,0,35,0,0,0,0
A319#16,A319,287008/01/06,MRS,2460,2460,ORY,2540,2540,0,35,0,0,0,0
A319#16,A319,286708/01/06,ORY,2590,2590,MRS,2665,2665,0,35,0,0,0,0
A320#16,A320,448607/01/06,BOD,2625,2625,CDG,2710,2710,0,40,0,0,0,0
A320#16,A320,448507/01/06,CDG,595,595,BOD,675,675,0,40,0,0,0,1
A320#16,A320,449007/01/06,BOD,755,1475,CDG,840,1560,0,40,0,0,0,0
A320#16,A320,454907/01/06,CDG,1065,1665,MPL,1150,1750,0,40,0,0,0,0
A320#16,A320,454807/01/06,MPL,1200,1800,CDG,1290,1890,0,40,0,0,0,0
A320#16,A320,448308/01/06,CDG,1830,1950,BOD,1910,2030,0,40,0,0,0,0
A320#16,A320,448808/01/06,BOD,2000,2120,CDG,2085,2205,0,40,0,0,0,0
A320#16,A320,448708/01/06,CDG,2185,2245,BOD,2265,2325,0,40,0,0,0,0
A320#16,A320,449208/01/06,BOD,2370,2370,CDG,2455,2455,0,40,0,0,0,0
A320#16,A320,448908/01/06,CDG,2505,2505,BOD,2585,2585,0,40,0,0,0,0
A318#2,A318,461807/01/06,ETZ,2700,2820,ORY,2770,2890,0,30,0,0,0,0
A318#2,A318,461707/01/06,ORY,520,520,ETZ,580,580,0,30,0,0,0,1
A318#2,A318,461907/01/06,ETZ,870,870,MRS,970,970,0,30,0,0,0,0
A318#2,A318,462007/01/06,MRS,1130,1670,ETZ,1230,1770,0,30,0,0,0,0
A318#2,A318,461808/01/06,ETZ,1860,1860,ORY,1930,1930,0,30,0,0,0,0
A318#2,A318,461708/01/06,ORY,1960,1960,ETZ,2020,2020,0,30,0,0,0,0
A318#2,A318,461908/01/06,ETZ,2310,2310,MRS,2410,2410,0,30,0,0,0,0
A318#2,A318,462008/01/06,MRS,2570,2570,ETZ,2670,2670,0,30,0,0,0,0
A319#6,A319,561908/01/06,TLN,2041,2041,ORY,2131,2131,0,35,0,0,1,0
A319#6,A319,436608/01/06,TLN,2045,2045,ORY,2130,2130,0,35,0,0,0,1
A319#6,A319,562008/01/06,ORY,2166,2166,TLN,2251,2251,0,35,0,0,1,0
A319#6,A319,436908/01/06,ORY,2190,2430,TLN,2270,2510,0,35,0,0,0,0
A319#6,A319,562108/01/06,TLN,2286,2286,ORY,2376,2376,0,35,0,0,1,0
A319#6,A319,437008/01/06,TLN,2320,2560,ORY,2405,2645,0,35,0,0,0,0
A319#6,A319,562208/01/06,ORY,2411,2411,TLN,2496,2496,0,35,0,0,1,1
A319#6,A319,437108/01/06,ORY,2515,2515,TLN,2595,2595,0,35,0,0,0,1
A319#6,A319,562308/01/06,TLN,2531,2531,ORY,2621,2621,0,35,0,0,1,1
A319#6,A319,562408/01/06,ORY,2656,2716,TLN,2741,2801,0,35,0,0,1,0
A319#6,A319,562508/01/06,TLN,2776,2836,ORY,2866,2926,0,35,0,0,1,0
A319#6,A319,562609/01/06,ORY,2901,2901,TLN,2986,2986,0,35,0,0,1,1
A318#3,A318,262407/01/06,NTE,2500,2500,MRS,2580,2580,0,30,0,0,0,0
A318#3,A318,262307/01/06,MRS,540,540,NTE,625,625,0,30,0,0,0,1
A318#3,A318,263007/01/06,NTE,660,660,MRS,740,740,0,30,0,0,0,1
A318#3,A318,262907/01/06,MRS,775,775,NTE,860,860,0,30,0,0,0,1
A318#3,A318,252008/01/06,NTE,1885,1885,TLS,1945,1945,0,30,0,0,0,0
A318#3,A318,251908/01/06,TLS,1975,1975,NTE,2035,2035,0,30,0,0,0,0
A318#3,A318,251808/01/06,NTE,2085,2085,TLS,2145,2145,0,30,0,0,0,0
A318#3,A318,251708/01/06,TLS,2175,2175,NTE,2235,2235,0,30,0,0,0,0
A318#3,A318,262608/01/06,NTE,2270,2270,MRS,2350,2350,0,30,0,0,0,0
A318#3,A318,262508/01/06,MRS,2385,2385,NTE,2470,2470,0,30,0,0,0,0
A319#13,A319,306707/01/06,ORY,450,450,NCE,530,530,0,35,0,0,0,1
A319#13,A319,478407/01/06,NCE,600,600,LIL,700,700,0,35,0,0,0,1
A319#13,A319,467907/01/06,LIL,755,1475,LYS,830,1550,0,35,0,0,0,0
A319#13,A319,467807/01/06,LYS,885,1605,LIL,960,1680,0,35,0,0,0,0
A319#13,A319,467308/01/06,LIL,1785,1785,LYS,1860,1860,0,35,0,0,0,0
A319#13,A319,467608/01/06,LYS,1900,1900,LIL,1975,1975,0,35,0,0,0,0
A319#13,A319,479108/01/06,LIL,2030,2030,NCE,2135,2135,0,35,0,0,0,0
A319#13,A319,476808/01/06,NCE,2225,2225,BOD,2310,2310,0,35,0,0,0,0
A319#13,A319,476308/01/06,BOD,2345,2345,NCE,2420,2420,0,35,0,0,0,0
A319#13,A319,266308/01/06,NCE,2490,2490,FSC,2545,2545,0,35,0,0,0,0
A319#13,A319,563407/01/06,ORY,660,660,LIL,710,710,0,35,0,0,1,0
A319#14,A319,311707/01/06,ORY,435,435,BOD,500,500,0,35,0,0,0,1
A319#14,A319,314407/01/06,BOD,550,550,ORY,620,620,0,35,0,0,0,1
A319#14,A319,286907/01/06,ORY,730,730,MRS,805,805,0,35,0,0,0,1
A319#14,A319,287807/01/06,MRS,895,1555,ORY,965,1625,0,35,0,0,0,1
A319#14,A319,313507/01/06,ORY,1030,1690,BOD,1095,1755,0,35,0,0,0,0
A319#14,A319,448608/01/06,BOD,1885,1885,CDG,1970,1970,0,35,0,0,0,0
A319#14,A319,448508/01/06,CDG,2035,2035,BOD,2115,2115,0,35,0,0,0,0
A319#14,A319,449008/01/06,BOD,2195,2255,CDG,2280,2340,0,35,0,0,0,0
A319#14,A319,454908/01/06,CDG,2505,2505,MPL,2590,2590,0,35,0,0,0,0
A319#14,A319,454808/01/06,MPL,2640,2640,CDG,2730,2730,0,35,0,0,0,0
A319#3,A319,440507/01/06,ORY,465,705,MPL,540,780,0,35,0,0,0,1
A319#3,A319,440807/01/06,MPL,590,1490,ORY,670,1570,0,35,0,0,0,0
A319#3,A319,441107/01/06,ORY,735,1635,MPL,810,1710,0,35,0,0,0,0
A319#3,A319,441207/01/06,MPL,860,1760,ORY,940,1840,0,35,0,0,0,0
A319#3,A319,441507/01/06,ORY,975,1875,MPL,1050,1950,0,35,0,0,0,0
A319#3,A319,441607/01/06,MPL,1100,2000,ORY,1180,2080,0,35,0,0,0,0
A319#3,A319,442107/01/06,ORY,1215,2115,MPL,1290,2190,0,35,0,0,0,0
A319#3,A319,454408/01/06,MPL,1795,2275,CDG,1885,2365,0,35,0,0,0,0
A319#3,A319,454708/01/06,CDG,2630,2630,MPL,2715,2715,0,35,0,0,0,0
A319#3,A319,440407/01/06,MPL,2750,2870,ORY,2835,2955,0,35,0,0,0,0
BAE200#2,BAE200,261007/01/06,RNS,2415,2415,NCE,2510,2510,0,30,0,0,0,1
BAE200#2,BAE200,266107/01/06,NCE,550,610,BES,665,725,0,30,0,0,0,1
BAE200#2,BAE200,266207/01/06,BES,705,1485,NCE,815,1595,0,30,0,0,0,0
BAE200#2,BAE200,260907/01/06,NCE,845,1625,RNS,945,1725,0,30,0,0,0,0
BAE200#2,BAE200,261008/01/06,RNS,1860,1920,NCE,1955,2015,0,30,0,0,0,0
BAE200#2,BAE200,266108/01/06,NCE,1990,2050,BES,2105,2165,0,30,0,0,0,0
BAE200#2,BAE200,266208/01/06,BES,2145,2205,NCE,2255,2315,0,30,0,0,0,0
BAE200#2,BAE200,260908/01/06,NCE,2285,2405,RNS,2385,2505,0,30,0,0,0,0
BAE200#2,BAE200,563507/01/06,RNS,555,555,BES,600,600,0,30,0,0,1,0
CRJ100#2,CRJ100,467307/01/06,LIL,345,345,LYS,420,420,0,25,0,0,0,1
CRJ100#2,CRJ100,467607/01/06,LYS,460,460,LIL,535,535,0,25,0,0,0,1
CRJ100#2,CRJ100,479107/01/06,LIL,590,590,NCE,695,695,0,25,0,0,0,0
CRJ100#2,CRJ100,476807/01/06,NCE,785,785,BOD,870,870,0,25,0,0,0,0
CRJ100#2,CRJ100,476307/01/06,BOD,905,1145,NCE,980,1220,0,25,0,0,0,0
CRJ100#2,CRJ100,266307/01/06,NCE,1050,1770,FSC,1105,1825,0,25,0,0,0,0
CRJ100#2,CRJ100,440008/01/06,FSC,1890,1890,ORY,1995,1995,0,25,0,0,0,0
CRJ100#2,CRJ100,439308/01/06,ORY,2020,2020,FSC,2125,2125,0,25,0,0,0,0
CRJ100#2,CRJ100,439408/01/06,FSC,2175,2175,ORY,2280,2280,0,25,0,0,0,0
CRJ700#2,CRJ700,454307/01/06,CDG,625,1405,MPL,710,1490,0,30,0,0,0,0
CRJ700#2,CRJ700,454607/01/06,MPL,760,1600,CDG,850,1690,0,30,0,0,0,0
CRJ700#2,CRJ700,258607/01/06,CDG,1140,1740,RNS,1195,1795,0,30,0,0,0,0
CRJ700#2,CRJ700,261308/01/06,RNS,1770,1830,LYS,1845,1905,0,30,0,0,0,0
CRJ700#2,CRJ700,261408/01/06,LYS,1905,1965,RNS,1985,2045,0,30,0,0,0,0
CRJ700#2,CRJ700,261908/01/06,RNS,2195,2195,LYS,2270,2270,0,30,0,0,0,0
CRJ700#2,CRJ700,262008/01/06,LYS,2325,2325,RNS,2405,2405,0,30,0,0,0,0
CRJ700#2,CRJ700,258307/01/06,RNS,2435,2435,CDG,2495,2495,0,30,0,0,0,0
CRJ700#2,CRJ700,563607/01/06,RNS,420,420,CDG,480,480,0,30,0,0,1,0
CRJ700#3,CRJ700,563708/01/06,NCE,2161,2161,BOD,2246,2246,0,30,0,0,1,0
CRJ700#3,CRJ700,563808/01/06,BOD,2276,2336,NCE,2351,2411,0,30,0,0,1,0
CRJ700#3,CRJ700,456908/01/06,CDG,2320,2320,NCE,2415,2415,0,30,0,0,0,1
CRJ700#3,CRJ700,563908/01/06,NCE,2381,2381,ORY,2466,2466,0,30,0,0,1,1
CRJ700#3,CRJ700,310608/01/06,NCE,2465,2465,ORY,2550,2550,0,30,0,0,0,0
CRJ700#3,CRJ700,564008/01/06,ORY,2496,2496,NCE,2581,2581,0,30,0,0,1,1
CRJ700#3,CRJ700,307108/01/06,ORY,2600,2600,MRS,2675,2675,0,30,0,0,0,0
CRJ700#3,CRJ700,564108/01/06,NCE,2611,2611,CDG,2706,2706,0,30,0,0,1,1
CRJ700#3,CRJ700,564208/01/06,CDG,2736,2736,NCE,2831,2831,0,30,0,0,1,1
CRJ700#3,CRJ700,564308/01/06,NCE,2861,2861,CDG,2956,2956,0,30,0,0,1,1
F100#1,F100,253407/01/06,BES,360,360,NTE,405,405,0,30,0,0,0,0
F100#1,F100,263407/01/06,NTE,435,435,SXB,515,515,0,30,0,0,0,1
F100#1,F100,263307/01/06,SXB,545,545,NTE,625,625,0,30,0,0,0,1
F100#1,F100,253307/01/06,NTE,655,1555,BES,695,1595,0,30,0,0,0,0
F100#1,F100,265507/01/06,BES,740,740,LYS,830,830,0,30,0,0,0,1
F100#1,F100,265607/01/06,LYS,870,870,BES,955,955,0,30,0,0,0,1
F100#1,F100,265308/01/06,BES,1765,1765,LYS,1855,1855,0,30,0,0,0,0
F100#1,F100,265408/01/06,LYS,1900,1900,BES,1995,1995,0,30,0,0,0,0
F100#1,F100,265708/01/06,BES,2045,2045,MRS,2145,2145,0,30,0,0,0,0
F100#1,F100,265808/01/06,MRS,2185,2185,BES,2285,2285,0,30,0,0,0,0
