Default,1140,1140,420,420
BGSF,650.8745247,1140,212.7480916,420
BIKF,637.8911565,670.2479339,421.1837238,402.5971564
BKPR,506.744186,560.3508772,328,319.0751445
CYHZ,836.7272727,879.1764706,354.84375,374.7945205
CYQB,1140,926.88,420,365.3225806
CYUL,1113.032758,1179.944374,405.6851722,393.8071066
CYVR,1208.672866,1249,449.4915254,408.0418118
CYYC,986.8141593,1093.023256,436.3404255,453.0099228
CYYZ,1236.685879,1200.274627,604.476758,617.0373266
DAAG,499.1520673,641.9031056,323.0244575,356.0962436
DABC,1140,1140,420,420
DAOO,1140,1140,420,420
DAUH,498.8235294,449.7222222,420,243.0414747
DBBB,525.7674419,559.3670886,381.8852459,384.6394984
DFFD,541.5584416,562.5714286,408.5185185,433.2
DGAA,645.3390743,618.3366733,354.9185668,340.3899083
DIAP,1140,725.177665,266.9918699,277.35
DNAA,1052.114883,948.2962963,383.5758836,396.1081081
DNKN,462.5242718,639.1616766,420,420
DNMM,867.1140143,939.705401,528.7555776,565.8020478
DNPO,553.2432432,1140,290.2262443,188.9108911
DRRN,1140,538.5123967,417.5675676,443.4437086
DTKA,560.1639344,505.5,264.0944882,320.8906883
DTMB,678.6771614,680.5907761,229.7362356,258.8441804
DTNH,1140,1140,420,420
DTNZ,1140,1140,420,420
DTTA,794.0202445,731.0852488,258.920599,268.4136042
DTTJ,719.6721311,704.9375867,261.4266726,279.2197379
DTTX,1140,1140,420,270.8571429
DTTZ,537.2850679,1140,264.6153846,243.4459459
DXXX,563.1225296,594.8571429,328.0769231,336.6552901
EBAW,394.483166,454.0581162,269.6117647,277.9026593
EBBR,730.0116556,724.1980837,335.9017311,331.8888142
EBCI,607.6315789,659.638191,236.2995595,410.2451226
EBLG,509.5740365,429.3478261,317.9237288,334.5665962
EBOS,582.5165563,603.7815126,315.5555556,272.4675325
EDAC,1140,1140,420,420
EDAH,1140,1140,420,420
EDBC,1140,1140,420,420
EDDB,683.1952215,695.346618,364.4641515,364.3051962
EDDC,500.9884602,513.4851794,228.1246353,227.4168318
EDDE,514.4049459,426.5606362,290.619195,259.8612488
EDDF,802.6762852,797.0198433,415.1961405,410.4952477
EDDG,388.1995173,389.1339696,271.2635146,273.5192376
EDDH,547.8807496,537.3558639,263.7823687,259.7742794
EDDI,522.5770308,600,259.0230155,277.1849668
EDDK,579.3943565,632.4444754,317.1403592,330.137379
EDDL,771.1884349,795.8929032,253.2602812,299.5464416
EDDM,852.060938,796.9683697,316.1843424,321.0433373
EDDN,508.6434214,523.5778753,216.0648737,221.0135724
EDDP,684.9934108,721.3426737,351.2789864,359.8180929
EDDR,1140,319.5182211,420,274.8685292
EDDS,699.1609489,694.8860953,313.7334211,309.498772
EDDT,611.9305933,627.4884607,255.3992275,264.4160909
EDDV,594.6506413,595.0449127,286.445022,312.3600123
EDDW,482.7792332,500.1131071,201.1271608,196.229234
EDFH,726.1738262,778.6425339,340.125,357.7142857
EDHI,1140,775.828877,420,355
EDHL,441.4545455,466.1538462,285.8181818,231.7293233
EDJA,1140,1140,420,420
EDLP,360.078256,361.0966341,234.7239264,226.6448087
EDLV,1140,605.3,420,309.1304348
EDLW,424.0232108,440.6875241,305.0507647,286.1182519
EDNY,431.2338223,405.9509721,326.8804159,327.4048443
EDQM,260.6557377,294.1025641,152.249047,161.2875536
EDRZ,1140,556.3527054,420,255.5151515
EDSB,461.2776413,466.3880597,276.3680982,301.876892
EDVE,1140,1140,420,420
EDVK,1140,1140,420,420
EDXW,449.5275591,440.5007364,298,282.99631
EETN,464.8807543,482.1686747,240.9250095,264.4946237
EETU,1140,1140,420,420
EFHK,589.9294333,630.028427,261.236199,254.6910851
EFIV,254.9147727,258.206278,182.3796034,167.5707899
EFJO,260.3389831,242.4896266,217.4936922,128.8381743
EFJY,237.489102,280.6756757,165.8976583,150.1357466
EFKE,273.1460674,1140,179.6654275,420
EFKI,280.0954654,268.1428571,233.2624113,149.7149644
EFKK,261.3380282,280.6635071,197.2429907,106.4150943
EFKS,222.1942446,240.7114625,157.7173913,178.9285714
EFKT,302.7419355,348,242.48,281.1447811
EFKU,219.0896552,251.758794,146.654479,132.6361032
EFLP,1140,1140,420,420
EFMA,224.6590909,1140,227.2413793,420
EFOU,240.2862756,249.4504849,171.538892,165.4844392
EFRO,430.4932735,483.9248705,198.5204082,202.0645161
EFSA,1140,1140,420,420
EFTP,229.4138544,316.2580645,170.1721068,208.4176534
EFTU,250.7419818,296.0649351,212.1082621,193.6098509
EFVA,266.6666667,280.2660218,216.227608,173.5817308
EGAA,544.2942051,566.5822409,261.4426718,264.6570878
EGAC,480.8338159,508.232136,223.5677174,226.513498
EGAE,1140,415.0649351,420,313.826087
EGBB,755.7937647,756.379789,339.4252648,408.6039292
EGBE,684.5454545,740.552017,306.8965517,296.3352273
EGCC,888.480688,908.3645813,440.6675127,467.0628401
EGCN,669.1764706,689.4332118,329.6511628,314.98998
EGDG,1140,552.1641791,379.6039604,304.2274413
EGFF,687.8122381,595.6641192,382.2704082,298.964715
EGGD,637.9107185,558.984898,266.6204456,249.0519656
EGGP,633.1604938,607.5919948,268.0609304,237.6883935
EGGW,833.0983892,794.3154197,323.7838247,309.4735056
EGHH,680.4044118,715.257732,352.2326454,314.8879954
EGHI,652.6606998,644.2784725,241.6463747,210.3269893
EGHQ,1140,1140,420,420
EGJB,290.7949791,311.1940299,299.9483204,304.6713287
EGJJ,629.3089502,610.2062684,327.2046414,290.8108591
EGKB,1140,1140,420,420
EGKK,1060.037889,1042.988975,440.3074229,457.1271816
EGLC,636.7592363,761.6512846,210.276275,228.8684269
EGLF,1140,1140,420,420
EGLL,1286.224495,1293.594352,642.6703368,558.6723124
EGMC,1140,1140,420,420
EGMH,1140,1140,420,420
EGNH,593.592233,675.4774973,286.5671642,241.7920354
EGNJ,599.2,530.5263158,230.9915014,242.4753695
EGNM,686.1514683,633.3732719,255,257.3157451
EGNR,1140,1140,420,420
EGNS,484.19518,526.4437797,248.1558596,226.9964789
EGNT,676.5876951,643.1334355,260.447549,265.6575829
EGNV,610.4819277,649.3112245,299.527972,259.9914347
EGNX,643.7878788,665.0307235,261.2440646,267.7901875
EGPD,638.2216668,659.1002249,271.8474727,279.14842
EGPE,562.3857868,574.6003954,227.4111675,272.157969
EGPF,659.6907093,680.0783892,268.2078235,290.5276128
EGPH,720.9214568,703.1846272,295.2042161,297.3772861
EGPK,777.5815739,594.0780142,363.5262689,254.7003525
EGPN,1140,422.6898445,420,219.3577982
EGSC,1140,1140,420,420
EGSH,593.0943847,612.5185185,261.6855754,239.2001975
EGSS,801.5484195,768.0809753,369.9921014,372.8737027
EGTE,568.7129237,582.573913,228.6066003,222.6107158
EGTG,1140,1140,420,420
EGVN,1140,1140,420,420
EGWU,1140,1140,420,420
EHAM,792.6654454,809.2284905,539.4472499,503.3726187
EHBK,491.503006,532.4193548,255.6574511,294.0319716
EHEH,504.5199409,555.9720605,332.6973027,347.9906542
EHGG,324.6203554,311.4018692,279.2670157,271.1574557
EHRD,471.5384615,479.8724591,271.9259586,303.2877803
EHTW,422.295082,1140,283.7037037,420
EICK,459.0518684,489.4747242,295.8013544,304.5745204
EICM,1140,370.7853403,420,299.737303
EIDL,1140,265.1827243,420,299.2666667
EIDW,854.1072961,931.6242005,382.813803,401.4029192
EIKN,481.0325048,570.8402725,331.7712177,329.1533181
EIKY,1140,388.7437186,420,282.8643216
EINN,761.2361624,662.3334954,343.7393768,317.0880472
EISG,1140,310.840046,420,300
EIWF,1140,319.0942928,420,300
EKAH,269.3680828,366.3065408,207.4758324,301.3009198
EKBI,514.3190661,603.3591521,234.8326292,227.7742426
EKCH,699.3427518,735.69392,344.448955,344.7721622
EKEB,1140,413.6440678,420,269.2193309
EKKA,1140,1140,420,420
EKOD,1140,1140,420,420
EKRN,390.6580645,376.1538462,327.6501305,254.7169811
EKSB,1140,1140,420,420
EKVG,325.7142857,1140,171.9047619,420
EKYT,356.5865012,423.0019493,235.4262168,276.5801253
ELLX,548.1763793,583.532476,252.7786361,249.2177222
ENAL,429.3000727,416.6028708,147.1834377,162.6609442
ENAN,167.2147651,154.3031123,159.1326531,142.4848076
ENAT,265.7583965,242.0796333,163.9359647,155.5549116
ENBL,183.8365897,149.1945205,118.6714542,117.1491713
ENBN,147.9804438,176.783692,120.3632236,122.7912254
ENBO,308.9471406,306.8735426,143.1450175,153.8801601
ENBR,483.401672,491.3606396,193.4122018,212.0272206
ENBS,135.4235638,151.8232044,123.0447761,120.055918
ENBV,169.7692308,184.0776699,119.9215686,120
ENCN,413.3323015,433.5297403,206.2361282,202.1770234
ENDU,377.1428571,497.1518325,188.971368,212.8907923
ENEV,409.1332041,428.1634848,167.4253521,179.9825277
ENFG,400.2380952,392.8227571,188.2797732,188
ENFL,305.7559478,316.1329305,213.0301811,226.1345496
ENGM,661.5696516,670.388731,251.8447223,234.0335852
ENHD,351.4798973,373.7507711,194.0043223,195.8679245
ENHF,159.4317578,156.8252327,121.8127866,130.3734657
ENHK,120.7708779,126.0594059,120,119.8807157
ENHV,153.6960986,140.0787402,108.4518828,105.7647059
ENKB,329.9469965,305.3623188,136.4482153,137.7839335
ENKR,260.19781,254.8127341,126.8875982,137.9944632
ENLK,137.7918906,137.0562771,120.2653563,120.0288184
ENMH,120.4809619,122.1448213,79.87804878,80.62146893
ENML,381.5627645,377.8272251,159.8089888,151.0641201
ENMS,140.1054018,134.8271447,120.1936376,120.0784314
ENNA,163.0040816,149.6645367,123.4946678,122.7575277
ENNK,176.9620253,171.1010009,119.8243902,118.6326345
ENNM,124.458498,124.009009,117.9968203,117.3141123
ENOL,1140,1140,420,420
ENOV,145.5445545,139.0960452,79.9279928,79.72239748
ENRA,156.6568699,140.240708,119.9553405,120.0638978
ENRM,153.5953979,141.6880734,119.7667638,120.2197802
ENRO,245.2264808,224.8504983,148.668942,134.9006623
ENRS,148.6956522,128.4955752,116.7213115,105.7894737
ENRY,1140,558.6099943,420,219.0935845
ENSB,283.2679739,283.4526316,181.9693654,233.9872068
ENSD,146.512866,146.832618,79.52205882,84.3554007
ENSG,134.0348037,143.5536209,116.9142857,115.0039651
ENSH,137.5554354,133.7003058,119.6735582,112.749616
ENSK,130.778292,127.2798434,91.01351351,95.10763209
ENSN,1140,207.2164948,420,118.4228571
ENSO,216.6633761,435.627907,139.8963731,166.031746
ENSR,122.890625,119.1356543,96.64482307,85.46553809
ENSS,132.4075924,141.8973863,122.2289157,122.5409047
ENST,136.4476155,135.9658485,110.8326967,111.2320917
ENTC,414.7620083,411.0212378,156.6370158,161.7318201
ENTO,549.1913514,549.3861867,188.5376252,218.5281647
ENVA,465.1650196,454.761611,162.0375829,177.0446342
ENVD,156.9872276,164.212766,117.2040586,120.2570511
ENVR,1140,1140,420,420
ENZV,491.7437722,523.7738908,215.7667513,222.7121187
EPBY,1140,1140,420,420
EPGD,509.7733828,554.988147,165.729596,178.6735402
EPKK,531.9652174,525.3293562,452.8208817,432.3620863
EPKT,647.538394,684.1212534,292.5353357,270.8722344
EPLB,1140,1140,420,420
EPLL,298.1986143,388.6956522,284.4444444,344.028777
EPMO,1140,1140,420,420
EPPO,446.5765983,529.145473,374.107402,418.0631797
EPRZ,523.2198142,441.4124294,356.0165975,385.2478134
EPSC,438.2108626,456.0247593,402.3444976,405.1334702
EPWA,796.5665065,749.0403908,306.9423554,280.4391048
EPWR,518.8548265,482.4360762,425.3963415,409.9502333
EPZG,421.1478261,1140,385.5363322,420
ESDF,196.6826462,199.1528926,184.8944338,191.0330579
ESGG,516.5592128,527.2303356,237.1515976,236.880985
ESGJ,287.3778664,1140,130.8517034,420
ESGP,408.6713287,420.7719298,300.4316547,280.4683841
ESGT,200.4371585,1140,139.6721311,420
ESKM,1140,1140,420,420
ESKN,621.70767,575.3610771,350.1013025,330.823673
ESMK,222.3924269,1140,138.4655172,420
ESMO,193.3333333,1140,136.6473988,420
ESMQ,205.0574713,205.1331719,144.2540905,186.8115942
ESMS,481.684064,478.9726027,279.2221181,263.4632775
ESMT,220.8859223,1140,141.076179,420
ESMX,220.0529101,265.5952381,117.4377224,179.2785571
ESNK,218.3653846,1140,126.4705882,420
ESNL,217.1825648,1140,148.8832808,420
ESNN,438.2662284,465.2263701,188.3600493,225.8571429
ESNO,244.4571429,284.4784423,153.4096484,206.75
ESNQ,402.2750424,510.3797468,238.3505155,238.0453258
ESNS,222.161435,237.8767123,136.7773788,189.9542334
ESNU,292.2170543,313.9753416,203.5881435,193.3088726
ESNV,222.462908,1140,121.2518629,420
ESNX,202.7251732,1140,135.3667055,420
ESNZ,1140,1140,420,420
ESOE,310.3217822,528.3050847,159.751861,293.4306569
ESOK,295.0991501,1140,162.7478754,420
ESOW,275.4285714,471.0638298,237.5159236,431.5714286
ESPA,518.3971292,506.8729282,229.2344498,226.3355408
ESPC,285.6997972,1140,236.2424242,420
ESSA,595.7975251,649.3362778,349.4780963,358.3383247
ESSB,495.0656934,415.1369863,269.9112426,256.7266734
ESSD,157.2684752,1140,122.9664179,420
ESSL,212.2826087,1140,118.5809582,420
ESSP,168.6206897,1140,126.7506751,221.7142857
ESSV,177.1912351,1140,124.3391521,420
ESTA,232.9683886,227.4895746,197.515528,214.4787323
ESUD,213.2951289,1140,194.9425287,420
ESUT,223.4366197,1140,145.8119658,420
ETAR,909.0291262,1477.431193,721.3235294,655.5
ETNL,591.7777778,610.5306122,312.0895522,319.0123457
EVLA,1140,360.7659574,420,241.2793177
EVRA,553.0947921,553.9101885,281.8922283,280.464828
EYKA,461.9469027,1140,322.9090909,295.5963303
EYPA,312.8450704,319.566879,211.0893855,271.1082803
EYVI,469.2358804,494.0241108,326.872888,315.8432813
FACT,860.1215067,785.1219512,384.188862,394.0807175
FAJS,1071.634146,982.7732794,560.0967352,567.760218
FAOR,1140,1140,420,420
FCBB,553.5483871,562.987013,439.1082803,497.3076923
FCPP,479.1946309,777.5172414,316.433121,369.12
FEFF,1140,1140,420,420
FGSL,715.2495697,734.6727899,373.3554817,344.7483871
FIMP,948.6792453,988.7086093,569.1286307,557.8512397
FKKD,671.7675545,731.7811159,306.6346154,332.6697892
FKYS,1140,1140,420,270.1522843
FLLS,922.0645161,961.910828,397.6923077,400.5095541
FMCZ,1140,1140,420,420
FMEE,776.0869565,849.5811518,345.7894737,394.1419355
FMMI,627.8111588,724.729064,472.5641026,535.3448276
FNLU,1140,606.3380282,658.5123967,667.0769231
FOOL,865.1162791,912.0710059,354.2583732,351.505618
FQMA,1140,1140,420,420
FTTJ,475.4940711,450.9036145,318.8888889,274.9859155
FVHA,1024.736842,1140,192.3870968,420
FZAA,891.3559322,804.083045,290.5063291,327.5324675
GABS,596.9747899,594.6956522,362.1875,341.1078717
GBYD,704.4067797,601.7607223,340.8219178,362.6694915
GCFV,504.9526164,601.6338991,310.7424658,310.8786001
GCGM,275.4098361,233.9534884,216.097561,205.6521739
GCHI,291.8885449,296.2679426,276.4176049,291.1688312
GCLA,307.2149837,320.8712871,250.4333606,254.9510763
GCLP,555.8550467,653.3213424,262.2748051,280.0024525
GCRR,542.5158983,572.1250635,269.1459075,261.4368443
GCTS,587.7771588,593.1067961,300.875302,295.6664329
GCXO,455.0909647,553.8969874,249.5462878,228.0827315
GEML,306.3105649,323.507027,199.6121097,209.571614
GFLL,1140,524.9372385,420,260
GGOV,1140,1140,420,420
GLRB,1140,1140,420,316.9306931
GMAD,575.2371027,541.8524871,332.6820604,316.2763158
GMFF,494.7867299,446.2040816,292.3255814,291.9298246
GMFK,1140,1140,420,420
GMFO,397.2727273,402.3050847,437.6061776,375.9780371
GMME,508.16609,509.7478992,290.566474,308.0440415
GMMH,1140,365.5882353,420,406.5714286
GMMI,1140,425.1639344,420,276
GMML,1140,586.7036011,420,387.2727273
GMMN,798.6586194,784.429041,323.6932849,359.8719317
GMMW,1140,1140,420,420
GMMX,620.1065956,653.7068631,261.0456458,248.5259502
GMMZ,1140,357.7622378,301.7647059,304.8837209
GMTA,1140,1140,420,420
GMTT,431.3063584,496.0147601,301.0368664,344.5932621
GOOY,775.6865564,874.1503947,459.8574822,433.6003303
GQNN,452.1148825,512.2070845,235.508982,346.8613139
GUCY,595.0724638,533.0084746,438.2608696,391.6496945
GVAC,1140,557.107943,420,347.2647702
GVBA,1140,1140,420,420
GVNP,1140,1140,420,420
GVSV,1140,1140,420,420
HAAB,1142.264151,1016.307692,420,420
HBBA,1140,1140,420,420
HDAM,1140,1140,420,324
HEAX,1140,616.4028777,420,312
HEBA,1140,604.7619048,420,201.2903226
HECA,860.5199079,872.1510727,493.687537,519.8846562
HEGN,822.4260355,874.727955,289.2586598,273.2286159
HELX,649.4472362,687.7079796,292.9501916,304.957265
HEMA,553.1506849,635.8266453,321.793722,301.8472906
HEMM,1140,1140,420,420
HESH,665.1545312,701.416613,370.2585752,328.9645959
HESN,1140,1140,420,273
HETB,648.4444444,620.6896552,399.5555556,268.7356322
HKJK,967.7994902,900.4636188,552.6373626,503.9687703
HKMO,939,895.5102041,352.4503311,332.4657534
HLLB,409.4769231,406.6105263,420,420
HLLT,738.6786469,725.9045226,299.0204082,306.8802698
HLMS,1140,1140,420,420
HRYR,1140,1140,420,341.5841584
HSSS,663.4090909,876.6666667,386.6504854,309.2887029
HTDA,944.3076923,908.1553398,277.5949367,256.3975155
HTKJ,1140,1140,380.1680672,389.8275862
HTZA,1140,1140,420,420
HUEN,985.0803859,932.3255814,446.0338983,455.5798687
KATL,1309.720405,1366.656299,529.7806452,556.7551622
KAUS,1140,1140,420,420
KBGR,1140,1122.818182,420,485.1162791
KBOS,1202.313692,1136.007471,517.3655798,527.8601399
KBWI,1066,1057.317073,485.8495822,509.0361446
KCHS,869.2771084,1140,420,420
KCLT,1113.857143,1159.426934,453.7634409,472.9512894
KCVG,905.5900621,1140,449.8136646,420
KDEN,1107.204451,1111.523316,556.7226891,566.5838509
KDFW,1216.95499,1146.225319,590.3952096,592.4116261
KDOV,650.9163347,1140,420,420
KDTW,961.0069102,1045.596567,594.7006869,605.4170249
KEWR,1607.843216,1928.112989,516.6666667,593.3365247
KFLL,1140,1140,420,420
KHSV,930.46875,1140,493.44,420
KIAD,1217.600838,1300.290467,406.8204456,437.9713224
KIAH,1253.623596,1291.177712,469.3978282,466.0533333
KILN,1140,1140,420,420
KJFK,2501.678417,2464.448399,798.6254481,761.680444
KLAS,1140,1464.347826,420,695.1219512
KLAX,1076.622246,1116.809167,869.5680522,860.1142355
KMCO,893.8823529,919.5870968,437.0760234,522.9885057
KMIA,1065.463842,1194.504297,390.4773385,465.4632124
KMSP,1140,1140,420,420
KOAK,1140,1140,420,420
KORD,1438.327981,1343.214702,466.4364303,512.5560278
KPDX,874.1979522,924.3086817,299.1891892,325.7692308
KPHL,1867.170626,2005.007429,331.9305857,309.3708364
KPHX,1215.290323,1203.564356,485.631068,448.1063123
KRDU,875.1955307,946.5205479,454.7191011,435.7458564
KRSW,1140,952.3756906,420,428.9010989
KSAN,1140,1140,420,420
KSEA,1013.694915,1010.551181,406.2470309,384.3286573
KSFB,915.3554502,928.8181818,484.6153846,447.0909091
KSFO,1316.920777,1360.906568,585.2746165,581.1065007
KTPA,1076.046512,1140,356.2645914,280.9411765
KWRI,1140,1140,623.0075188,420
LATI,596.6494312,611.3383381,320.8695652,310.2861602
LBBG,629.9397187,496.9894045,254.4230769,359.0222222
LBPD,1140,1140,420,420
LBSF,618.4583159,693.6804009,302.8364245,312.2882849
LBWN,723.0061771,652.8655462,287.1666667,364.5037531
LCLK,617.3904243,615.6379943,444.7800963,439.2316975
LCPH,539.5361911,550.1636043,349.1943128,349.2326733
LCRA,1140,1140,420,420
LDDU,528.7225386,542.164557,248.2658023,226.730038
LDOS,1140,1140,420,420
LDPL,1140,544.1666667,420,306.6192171
LDRI,402.2462203,376.4431487,229.1390728,245.9475219
LDSB,1140,1140,420,420
LDSP,552.5018342,496.9583931,219.9555556,219.5561918
LDZA,439.142029,439.6231825,269.1035281,276.3755369
LDZD,1140,1140,420,420
LEAB,426.3829787,398.5416667,258.1294964,260.2787456
LEAL,599.319342,596.0920325,297.3961245,288.6669393
LEAM,437.6477541,440.160574,283.6492611,295.0844854
LEAS,357.5499566,360.0081922,253.824125,262.2897005
LEBB,541.0091999,515.8932857,279.3495633,275.2661157
LEBG,1140,353.6363636,420,267.2727273
LEBL,867.7916886,1054.585521,464.1645612,307.3444492
LEBZ,442.124617,399.4001579,177.9119754,201.3880126
LECO,415.5590366,477.7669225,193.384883,219.6749478
LEDA,1140,1140,420,420
LEGE,435.3941267,557.5324675,246.6118421,232.2894168
LEGR,399.8220361,420.3761194,222.0642801,255.5046145
LEIB,484.1616277,470.7815585,264.5326705,268.5488648
LEJR,464.5524454,574.7784249,272.236313,298.9071591
LELC,445.6672444,533.7641723,279.5355588,252.4434389
LELN,372.3809524,382.7744681,235.254833,239.4425676
LEMD,989.3925228,927.1931435,483.2146471,502.2118018
LEMG,659.3831283,669.8739014,288.3647836,274.0451588
LEMH,445.8627325,478.9977221,246.3953861,243.2106262
LEPA,708.0765039,681.1715944,274.4133672,277.6676047
LEPP,351.7975476,352.410796,295.4341004,295.0720659
LERJ,373.1368421,356.9249106,280.845666,300.2140309
LERL,1140,1140,420,420
LERS,484.0247132,634.9867021,301.5135135,270.4596935
LESA,1140,428.8732394,420,303.793911
LESO,399.2439372,358.1289865,146.506311,185.574157
LEST,535.2176039,517.6339078,211.1501597,220.88337
LETO,1140,1140,420,420
LEVC,519.9190792,519.5131355,248.5336794,237.4050489
LEVD,372.2008003,388.3423619,304.6844217,312.5253256
LEVT,418.6856517,430.2314251,250.9399773,226.394052
LEVX,426.7892768,509.7704705,217.400062,211.7922839
LEXJ,319.8478123,334.4033898,296.1483051,295.6124873
LEZG,416.1196443,425.8536585,342.9545455,346.6726377
LEZL,485.1370143,488.2217973,238.8732587,254.2810481
LFBA,1140,1140,420,420
LFBD,539.8995629,568.577391,293.8090565,290.1846966
LFBE,488.5714286,457.0909091,236.4089776,260.2587322
LFBH,374.3181818,411.9348269,279.408284,300.7272727
LFBI,1140,1140,420,420
LFBL,401.8705036,399.0176817,229.7674419,257.4459725
LFBO,573.2654335,571.85935,315.7635306,300.1027243
LFBP,498.297658,485.0504219,255.6495468,261.1684839
LFBT,744.6969697,724.7582205,324.8903879,331.3380737
LFBZ,488.2163743,523.6995007,152.4482339,170.6491744
LFCK,1140,1140,420,420
LFCR,372.8423475,378.3502538,243.0309989,253.4180432
LFGJ,514.7368421,536.5333333,278.0487805,284.4052863
LFJL,387.0053667,436.6164542,139.9429387,169.0459364
LFKB,361.6282225,376.9763206,255.8571429,247.4772036
LFKC,339.9630996,343.4086957,184.4036697,176.0485269
LFKF,436.0377358,438.1395349,250.754717,260.5932203
LFKJ,463.1012658,455.751634,229.8591549,233.3405172
LFLB,747.2148541,625.9963437,276.3687151,314.1992883
LFLC,360.3730635,355.2768045,183.7734251,185.2638987
LFLL,705.8402503,711.941308,301.2312262,296.6706104
LFLP,1140,1140,420,420
LFLS,568.3665339,528.0130293,255.7377049,249.8360656
LFLW,1140,1140,420,420
LFLY,1140,1140,420,420
LFMD,1140,1140,420,420
LFMH,1140,1140,420,420
LFMK,1140,1140,420,420
LFML,673.9724853,662.6263538,301.9565451,310.8597106
LFMN,680.4988984,690.0587391,255.4729586,253.9683168
LFMP,374.031348,392.0980275,277.1590909,302.3297491
LFMT,526.9944967,545.1355347,209.600432,216.5332462
LFMU,1140,1140,420,420
LFMV,385.2083333,412.7317676,245.8081245,249.9014778
LFOB,639.0677966,648.6949807,267.6661952,262.2393822
LFOH,1140,398.018018,420,259.331307
LFOK,1140,454.6788991,420,315
LFOT,1140,1140,420,420
LFPB,1140,1140,420,420
LFPG,1063.956045,1054.099226,589.5586123,593.9925469
LFPO,737.682033,694.0093402,347.1175109,335.8785542
LFQQ,529.7192727,531.166348,295.2778586,297.8748622
LFRB,609.7084048,545.508658,170.3981883,175.46657
LFRD,1140,1140,420,420
LFRG,453.28125,489.84,332.7692308,382.1052632
LFRH,473.5925197,463.1436314,317.9323861,320.7723395
LFRK,422.2176591,425.4994851,209.4758479,215.0513347
LFRN,386.0063658,385.5307131,226.0368144,257.4821173
LFRO,1140,1140,420,420
LFRQ,415.6993007,441.4854111,227.3298429,236.1971831
LFRS,464.060292,488.7319486,215.8304389,234.7251415
LFRZ,1140,1140,420,420
LFSB,681.6518765,663.9821103,265.7180983,263.8807969
LFSL,1140,1140,420,420
LFST,467.7755805,457.6836635,233.097706,236.590194
LFTH,588.8785442,591.6168118,297.1428571,297.6542737
LFTW,1140,1140,420,420
LGAL,436.8032787,531.7665615,300.3296703,319.2113565
LGAV,774.1437184,772.5351457,338.1165486,358.5433612
LGBL,1140,1140,420,420
LGHI,335.1991389,447.7962085,304.570185,319.4594595
LGIK,1140,320.4324324,420,228
LGIO,465,469.1169451,302.8333333,328.49642
LGIR,588.4231003,573.3994334,295.304095,286.5039077
LGKC,1140,232.9411765,420,192.1991701
LGKF,489.7790055,474.4541485,302.9427793,299.8663697
LGKJ,1140,261.8518519,420,224.3478261
LGKL,475.5963303,462.9213483,424.4444444,386.3197026
LGKO,520.6436782,534.2052054,288.3819018,283.7209302
LGKP,544.5333333,370.4081633,285.4545455,279.8644068
LGKR,467.7258779,472.8101558,276.4249234,268.7521564
LGKS,1140,291.5749526,420,246.5909091
LGKV,520.6392694,485.238806,278.0373832,302.7990971
LGKY,1140,350.0436681,420,296.5789474
LGLE,1140,213.4916865,420,193.0805687
LGLM,522.7586207,436.4179104,291.5254237,306.776587
LGMK,427.3493976,445.1245937,254.4144144,299.3506494
LGML,1140,259.0453461,420,229.9761337
LGMT,360.3321033,453.2637252,298.7391842,314.2403781
LGNX,1140,392.0930233,420,263.3222591
LGPA,1140,316.0154739,420,304.4186047
LGPL,1140,256.4081633,420,182.4590164
LGPZ,447.4666667,383.5458167,322.3318386,290.5105105
LGRP,418.3065855,485.1366441,299.2036866,298.0595845
LGRX,1140,667.3267327,420,364.3564356
LGSA,613.0714891,573.5758012,303.2080201,303.961039
LGSK,353.4722222,337.6791809,308.3181818,299.1891892
LGSM,486.2971698,466.5476709,219.5035461,252.8086957
LGSO,1140,1140,420,420
LGSR,397.92,441.9010518,287.9406308,289.3774319
LGST,1140,416.920354,420,300.3191489
LGSY,1140,316.6336634,420,302.0588235
LGTS,523.2947725,597.2787843,309.9895996,329.1956445
LGZA,372.9572925,490.9332154,300,273.4042553
LHBP,525.8955956,531.8753012,230.9589399,223.9905765
LHDC,1140,1140,420,420
LHSM,1140,1140,420,420
LIBC,404.132948,438.9304813,291.5273775,298.3695652
LIBD,581.3188026,626.0579216,322.4679443,295.1931624
LIBP,455.6,501.2195122,299.0561798,318.6080586
LIBR,619.4555645,503.6948529,403.750503,380.5782836
LICA,525.5779386,512.16,279.2885066,296.7397521
LICB,1140,1140,420,420
LICC,736.4892256,768.5812056,300.7250933,304.1531201
LICD,424.9146758,369.7781178,290.5802048,288.1929556
LICG,495.8590308,482.9760547,376.0704846,381.4334471
LICJ,671.0381159,673.4125311,382.6548307,328.1935566
LICR,469.5017381,504.0991224,343.7772397,312.0684292
LICT,389.1086475,424.4175492,310.5992011,328.3939394
LICZ,1140,1140,420,420
LIEA,591.7651544,642.425168,298.9437428,271.3083538
LIEE,708.898082,750.2960006,323.7225042,319.4577401
LIEO,499.1596639,684.4416873,272.9017517,298.6183937
LIMC,943.0954022,806.5283912,389.847974,368.0918323
LIME,665.068836,650.3565167,243.7244898,232.8427085
LIMF,656.1815049,620.8186903,417.8436101,446.7291667
LIMG,492.5698324,1140,303.8547486,420
LIMJ,601.266055,611.3965586,357.1289241,369.9316446
LIML,819.5598447,798.4059162,294.1825937,295.4988803
LIMP,1140,425.4923717,420,262.1883657
LIMZ,1140,1140,420,420
LIPB,1140,1140,420,420
LIPE,633.0635838,632.3418315,270.9169675,260.7703763
LIPH,558.1632653,553.1730769,295.1020408,229.2183723
LIPK,1140,1140,420,420
LIPO,1140,679.1174562,420,335.4291225
LIPQ,571.328896,543.2148715,305.9434613,308.0418042
LIPR,662.5074627,696.8627451,286.9879518,308.0694143
LIPX,575.8504332,661.5980775,246.776985,252.840443
LIPY,454.7380952,432.2310306,291.547619,281.75
LIPZ,652.411283,669.6406017,329.7921538,299.910482
LIRA,604.6781905,635.6620299,287.1707226,268.3313366
LIRF,1009.43825,1079.18352,550.012708,548.1988558
LIRI,1140,1140,420,420
LIRN,629.3426591,665.2720396,300.2561723,295.1533845
LIRP,684.1444175,721.2635609,309.8929725,302.8965075
LIRQ,545.06035,600.0437637,269.1667945,298.1140351
LIRZ,1140,1140,420,420
LJLJ,506.6920943,557.6937269,211.7792252,214.9638932
LKKV,417.8238342,482.283737,264.893617,295.4006969
LKMT,404.1610738,311.0163934,227.9287305,255.1076753
LKPD,1140,1140,420,420
LKPR,611.7294873,635.6021587,303.6818206,318.5993732
LKTB,362.7835052,317.0512821,229.8368883,249.2783505
LLBG,1112.215213,1167.4485,350.5101659,386.9062901
LMML,545.2754591,465.643768,270.1557992,236.2778754
LOWG,394.9539952,408.5793794,215.0666881,222.2296731
LOWI,340.0127307,379.4926433,207.5637755,217.6180003
LOWK,273.9461748,272.4201681,211.5885023,212.1668533
LOWL,355.819398,348.8189694,263.6939117,256.8069799
LOWS,364.5274176,387.1745369,254.4762799,264.9704142
LOWW,641.8809904,624.8133188,322.9020327,325.898294
LPAZ,1140,308.3217753,420,192.2330097
LPCR,1140,1140,420,420
LPFL,1140,282.3344948,420,186.7708333
LPFR,633.2853514,626.3530265,261.5868558,266.2454014
LPGR,1140,256.4435146,420,201.0878661
LPHR,1140,272.1818182,420,206.4721969
LPLA,380,325.834753,237.1111111,219.0121354
LPMA,538.8629032,480.7154651,221.7613636,223.422206
LPPD,439.1608392,410.9332866,228.9434889,206.090607
LPPI,1140,269.123783,420,195.3760446
LPPR,605.3145198,623.1849057,298.5395205,300.1197935
LPPS,1140,301.6451613,420,185.8679707
LPPT,718.4160174,752.3726267,296.1587366,301.6033266
LPSJ,1140,266.3746224,420,193.5746606
LQBK,1140,1140,420,420
LQSA,574.5518044,634.7946726,199.8765908,219.2654424
LQTZ,1140,1140,420,420
LRAR,1140,1140,420,420
LRBC,1140,1140,420,420
LRBM,1140,361.1764706,420,267.1153846
LRBS,486.3829787,434.6483067,385.648855,366.0135135
LRCK,316.5745856,1140,272.2033898,420
LRCL,1140,524.7638395,420,303.0668016
LRCV,1140,1140,420,420
LRIA,297.7880184,368.4313725,262.4657534,262.6710098
LROD,1140,1140,420,420
LROP,651.4055506,655.1837331,412.7173482,408.968592
LRSB,352.8,320.3313253,300.2654867,240.9924812
LRSM,1140,1140,420,420
LRSV,1140,1140,420,420
LRTM,308.75,303.8241758,217.5257732,209.9337748
LRTR,488.5129953,386.1861521,271.1499148,272.2001137
LSGG,713.2208582,707.634346,243.3378492,235.0420568
LSGS,1140,1140,420,420
LSZA,427.6044568,443.3193277,180,180.4634831
LSZB,356.1747344,377.2251868,186.6431095,186.5955176
LSZH,696.2266056,709.7159353,306.1331685,292.0082659
LSZR,372.7860697,365.516129,240.8723748,222.5608798
LSZS,1140,1140,420,420
LTAC,737.6292088,730.4028182,467.7994774,484.733564
LTAF,676.0104737,657.8639542,476.6293706,371.7905046
LTAG,1140,1140,420,420
LTAI,913.4185304,875.3340148,447.5197834,412.2125813
LTAJ,634.7834101,544.0991903,307.1573604,300.0916031
LTAL,1140,1140,420,420
LTAN,928.2580645,822.5874126,304.9315068,574.1878841
LTAP,1140,1140,420,420
LTAR,1140,597.4038462,420,475.373494
LTAS,1140,1140,420,420
LTAT,640.1612903,625.6647399,485.9266802,561.0972569
LTAU,704.5833333,749.4629156,311.0873916,313.4121274
LTAW,1140,1140,420,420
LTAY,752.8013582,638.8477366,339.2542373,320.4938272
LTAZ,1140,715.8490566,420,309.5238095
LTBA,838.7514253,916.5558377,483.2922007,415.3729022
LTBH,1140,1140,420,420
LTBJ,612.2023013,660.8449796,303.9030711,300.5870337
LTBO,1140,1140,420,420
LTBQ,1140,1140,420,420
LTBR,1140,626.3551402,420,309.3577982
LTBS,635.5504886,671.4976651,316.653362,319.850672
LTBU,1140,1140,420,420
LTBY,1140,471.7933131,420,320.6079027
LTBZ,1140,1140,420,420
LTCA,662.0111732,649.7391304,315.2941176,366.3386397
LTCC,701.5359116,757.6496674,332.5969198,357.2271715
LTCD,764.2307692,823.5772358,302.3076923,313.2614555
LTCE,840.7915567,664.5338567,622.0051414,368.8955224
LTCF,883.9175258,663.0545455,597.1806167,363.3756806
LTCG,521.8806959,617.027668,491.0970297,459.5319318
LTCH,710.0291545,1140,327.0967742,420
LTCI,693.4153846,761.8018018,302.397541,302.1621622
LTCJ,560.9210526,730.0947867,397.1052632,515.177305
LTCK,623.0188679,754.6245059,372.8301887,430.7142857
LTCL,1140,1140,420,420
LTCM,1140,1140,420,420
LTCN,519.2805755,537.0857143,335.8273381,486.3247863
LTCO,788.5,769.6153846,635.7024793,615.7692308
LTCP,534.8201439,703.3628319,315.1079137,278.0530973
LTCR,653.6440678,734.4698545,390.7246377,303.8669439
LTCS,1140,1140,420,420
LTCT,1140,1140,420,420
LTCU,1140,1140,420,420
LTCV,1140,1140,420,420
LTDA,1140,1140,420,420
LTFC,1140,1140,420,420
LTFD,1140,1140,420,420
LTFE,544.1463415,594.2665855,320.6137425,344.5051609
LTFG,1140,1140,420,420
LTFH,752.0171674,728.8606195,416.1181435,394.5333333
LTFJ,800.0353357,670.9078436,396.6515837,340.1888096
LUKK,504.4347826,539.3621545,231.1815562,263.7021277
LWOH,1140,1140,420,420
LWSK,503.5676932,527.248501,289.1895044,299.5206391
LXGB,1140,617.8611333,420,256.7942584
LYBE,611.4057971,591.5167994,292.4582223,291.814477
LYPG,500.5970149,482.4193548,309.5555556,256.8674699
LYPR,423.1451613,398.3833718,305.841785,248.9861751
LYTV,455.8878505,517.4603175,234.953271,261.7894737
LZIB,439.5644599,317.4899866,255.0260567,213.0057889
LZKZ,342.2051887,277.4353076,242.2521994,216.9997087
LZSL,1152.70073,1140,201.2307692,420
LZTT,1140,315.0837989,420,256.6101695
LZZI,241.4876033,207.9379157,183.4567901,183.1929047
MDLR,1140,1140,420,420
MDPC,874.6613546,918.1213307,324.5547945,340.5720824
MDPP,851.5555556,874.5454545,284.375,333.1491713
MDSD,867.0895522,881.8329466,389.1937765,477.6470588
MGGT,1140,1140,618.8235294,532.6153846
MKJP,874.4516129,933.1168831,171.9230769,258.1935484
MKJS,764.3243243,783.1265509,420,375
MMGL,1140,1140,420,420
MMMX,1241.737878,1255.789963,618.6306149,555.6666667
MMPR,1140,1140,420,420
MMUN,832.6729986,988.1228273,394.8051948,406.4631719
MPTO,1059.215686,937.8548896,420,289.3548387
MROC,1336.261682,1042.131148,817.3529412,697.0391061
MSLP,1140,1140,420,420
MUCC,1140,1140,420,420
MUHA,952.7504912,876.9026549,416.9101124,381.3816344
MUHG,1140,1140,420,250.3759398
MUVR,746.8421053,716.5137615,420,420
MYNN,865.0176678,840.2247191,360.2105263,356.4312268
OAKB,1140,1140,420,420
OAMS,1140,1140,420,420
OBBI,906.6920152,955.8390411,372.5217391,342.0675105
OEDF,698.8489209,831.4782609,333.6842105,366.8604651
OEGS,1140,1140,420,420
OEJN,963.3634021,1041.371505,654.9393204,668.2367758
OEMA,704.7457627,713.392283,568.9156627,511.0058309
OERK,864.8302872,886.3965517,357.0266836,393.221957
OETF,1140,1140,420,420
OEYN,1140,1140,420,420
OICC,1140,1140,420,420
OIFM,1140,1140,420,420
OIIE,1140,903.7617555,420,496.1904762
OIII,891.0974862,1140,436.2261832,420
OIMM,1140,1140,420,420
OISS,1140,1140,420,420
OITT,581.25,695,465.9459459,546.2068966
OJAI,785.5172414,817.44,372.6364335,393.7706928
OJAQ,1140,495.2727273,420,420
OKBK,923.8918919,1072.701314,437.4923077,548.248062
OLBA,713.9424704,734.9948507,328.3061889,329.0817356
OMAA,976.5546819,1022.277117,343.0894309,454.0263158
OMAL,1140,864.8571429,420,420
OMDB,1237.849315,1127.149515,556.4449676,536.47917
OMDW,1140,1140,420,420
OMSJ,890.6735751,942.8840125,457.1260997,415.2668213
OOMS,1140,628.1896552,420,300.4137931
OPKC,1121.390374,1207.572816,484.8730964,553.9419087
OPLA,1140,1140,420,420
OPRN,1131.518325,1015.982143,523.5294118,428.6877828
ORBI,1140,1140,420,420
ORBM,1140,1140,420,420
ORER,1140,600.7843137,420,379.7315436
ORMM,1140,1140,420,420
ORNI,1140,1140,420,420
ORSU,1140,1140,420,420
OSAP,1140,918.375,420,446.25
OSDI,715.6521739,697.7681159,479.2567103,378.6928747
OTBD,1140,967.6254181,296.4179104,266.2857143
OTHH,1140,1140,420,420
OYAA,1140,1140,420,420
OYSN,1140,764.3312102,420,369.9363057
RCTP,1140,1140,420,420
RJAA,1165.335917,1198.675659,704.015444,687.2917093
RJBB,942.295082,901.2337662,319.9502797,374.0848344
RJFF,1140,1140,420,420
RJGG,1140,1140,420,420
RJTT,1140,1140,420,420
RKSI,1178.556701,1166.136499,563.0369788,532.4614506
RPLL,1038.536585,1081.828255,352.0379147,330.8333333
SACO,1140,1140,420,420
SAEZ,961.5104895,1028.05835,451.7043121,451.3107511
SBBE,1140,1140,420,420
SBBR,1140,1140,420,420
SBCF,1140,1140,420,420
SBEG,1140,1140,420,420
SBFZ,1140,1140,420,420
SBGL,988.5046729,1237.38189,547.3125,597.2673267
SBGR,991.616515,1035.65008,503.1353251,546.6828087
SBKP,1140,1140,420,420
SBNT,1140,762.5,420,420
SBPA,1140,1140,420,420
SBRF,1140,1140,420,420
SBSG,1140,1140,420,420
SBSV,915,948.9473684,529.0140845,500.6511628
SCEL,974.0045767,1022.103659,390.6818182,369.244713
SEGU,735.6302521,808.6885246,420,420
SEQU,1140,1140,573.3707865,384.8093842
SKBO,1216.033755,1283.185012,502.3756906,539.0221187
SLVR,1140,1140,420,420
SMJP,411,412.8571429,291.0526316,258
SOCA,810.0826446,773.7026239,354.1605839,334.4021739
SPIM,862.6038781,918.956044,273.6464088,237.2689655
SUMU,805.5681818,840,314.2541436,389.3775934
SVMG,1140,1140,244.9180328,240
SVMI,1073.506157,1135.605536,526.2167424,533.2599884
TAPA,607.5,615.8385093,313.1460674,295.1785714
TBPB,925.5445545,900.4866744,195.308642,220.9468822
TFFF,991.0679612,958.1838565,274.8297214,320.6167401
TFFR,1054.432348,1084.504505,309.5154185,354.6162162
TJBQ,1140,1140,420,420
TJSJ,1056.839378,926.6318538,402.6461538,364.3137255
TLPL,1140,1140,420,420
TNCA,879.2957746,851.8072289,200.9230769,245.3703704
TNCB,604.5714286,524.6153846,312.1140143,312.6952141
TNCC,934.5323741,798.5167464,322.7027027,273.1677019
TNCM,907.5,965.9405941,334.0050378,370.8592322
TXKF,874.2857143,922.0952381,334.7882736,309.4637224
UAAA,957.3214286,1021.280788,497.625,545.9703337
UACC,1004.931507,1020.927273,389.4642857,402.9225736
UAFM,1140,1140,420,420
UAKK,1140,1140,420,420
UATE,1140,1140,420,420
UATG,1140,1140,420,420
UBBB,766.9961977,737.9389313,433.2387097,373.219697
UBBG,1140,1140,420,420
UBBN,1140,1140,420,420
UCFM,1140,1140,420,420
UCFO,1140,1140,420,420
UDYZ,882.9249012,828.1751825,370.6563707,223.8129496
UGGG,624.7741935,1140,387.2727273,420
UGKO,1140,1140,420,420
UGSB,1140,1140,420,420
UGTB,1140,777.6,420,431.0664336
UKBB,817.0931771,839.7356427,435.9169811,424.5272727
UKCC,613.6633663,559.6419437,450.4142012,340.5095541
UKDD,595.0993377,648.0769231,430.5567929,477.6873662
UKFF,1246.604651,1099.559471,911.8309859,811.5929204
UKHH,411.8709677,455.5240793,285.5305466,266.3456091
UKKK,1140,1140,420,420
UKLL,556.6875,581,409.5163807,322.6038781
UKOO,611.9740634,635.1896104,395.5652174,416.0497667
ULLI,1019.503311,806.1247947,578.6918187,409.3289689
ULMM,1140,356.9724771,420,162.3776224
UMKK,534.5454545,382.0263158,284.3076923,241.6578947
UMMS,677.950032,761.8906942,288.1277395,307.0710572
UNKL,1140,1140,420,420
UNNT,1140,1140,420,420
URKK,805.3731343,805.2733119,663.2835821,624.5367412
URMT,1140,1140,420,420
URRR,554.1439206,654.8830812,433.1203931,484.4383562
URSS,1140,818.2894737,420,308.7417219
URWA,1140,1140,420,420
USCC,1140,1140,420,420
USPP,1140,1140,420,420
USSS,990.5343511,952.1005025,440.4878049,433.7951807
UTAA,993.7037037,871.4285714,606.2637363,531.3802817
UTDD,1140,1108.846154,420,785.1923077
UTTT,836.1497326,820.173913,603.8709677,617.2992701
UUDD,1049.307692,1056.049011,449.5936396,459.9461439
UUEE,1290.501796,1219.473242,426.5453411,434.221219
UUWW,1140,1140,420,420
UWGG,586.2857143,520.7407407,337.7483444,302.4223602
UWKD,1140,922.2516556,420,570.7792208
UWUU,1140,1140,420,420
UWWW,578.9452333,635.5877034,523.5387674,597.1584699
VAAH,1140,739.7560976,420,404.8101266
VABB,1119.026549,1107.460149,586.7529412,623.8667538
VAGO,1140,652.0704846,420,599.7272727
VAPO,1140,1140,420,420
VCBI,1140,1140,320.6557377,327.518797
VECC,1307.5,1087.350427,299.6407186,323.7931034
VGHS,1140,1140,420,420
VGZR,1015.510204,1038.311688,406.7532468,391.3548387
VHHH,1289.927624,1260.37831,451.1785095,413.9744613
VIDP,1293.221657,1321.546811,691.0193205,624.5775401
VNKT,1140,1140,420,420
VOBG,1090.698174,1229.925187,499.5111583,607.8378378
VOBL,1140,1147.98995,420,382.0347395
VOGO,1140,1140,420,420
VOHS,1140,1140,420,420
VOHY,911.2585812,872.9166667,444.2727273,384.6575342
VOMM,975.0697674,980.5102041,422.9765013,495.8194774
VRMM,807.518797,833.381295,347.2131148,356.2597403
VTBD,1044.178723,1140,482.522293,420
VTBS,1140,1203.083004,420,438.8297872
VTSG,1140,1140,420,420
VTSP,1140,872.3287671,420,372.3327896
VVNB,1140,1140,420,420
VVTS,1140,1140,420,420
WMKK,1009.632353,861.1675127,442.6519337,378.0165289
WSSS,1176.162669,1126.422952,407.6388168,387.3883627
ZBAA,1502.604622,1353.156182,577.3212045,618.724559
ZGGG,1056.075472,1102.5,468.0299252,447.6923077
ZHHH,1140,1140,420,420
ZLXY,1140,1140,420,420
ZSAM,1140,1140,420,420
ZSHC,1140,1140,420,420
ZSNJ,1140,967.9310345,420,424.8554913
ZSPD,1315.749705,1229.104991,443.8964242,517.1913669
ZUCK,1140,1140,420,420
ZUUU,1140,1146.605505,420,227.3170732
ZYTX,1140,1140,420,420
KOKC,1140,1140,420,420
KELP,1140,1140,420,420
KMSY,1140,1140,420,420
KSRQ,1140,1140,420,420
KMHT,1140,1140,420,420
KCLE,1140,1140,420,420
KFWA,1140,1140,420,420
KCMH,1140,1140,420,420
KMLB,1140,1140,420,420
KMCI,1140,1140,420,420
KMDT,1140,1140,420,420
KSDF,1140,1140,420,420
KROA,1140,1140,420,420
YBBN,1140,1140,420,420
YSSY,1140,1140,420,420
KGRR,1140,1140,420,420
KCAE,1140,1140,420,420
KCAK,1140,1140,420,420
PHOG,1140,1140,420,420
KSAV,1140,1140,420,420
KOMA,1140,1140,420,420
KSBN,1140,1140,420,420
KJAX,1140,1140,420,420
NWWW,1140,1140,420,420
RJCC,1140,1140,420,420
NTAA,1140,1140,420,420
YMML,1140,1140,420,420
YPPH,1140,1140,420,420
KORF,1140,1140,420,420
KMKE,1140,1140,420,420
KCRW,1140,1140,420,420
KBTR,1140,1140,420,420
PHNL,1140,1140,420,420
KSYR,1140,1140,420,420
KMEM,1140,1140,420,420
KSAT,1140,1140,420,420
KCHO,1140,1140,420,420
KROC,1140,1140,420,420
KSLC,1140,1140,420,420
KMYR,1140,1140,420,420
KPBI,1140,1140,420,420
KPIT,1140,1140,420,420
KIND,1140,1140,420,420
KTLH,1140,1140,420,420
KBHM,1140,1140,420,420
KSTL,1140,1140,420,420